vietnamese,vsl
Lấy mình một phần bạc xỉu đá được không,Tôi cà-phê đen hai trà xoài một muốn
Lấy mình gọi một sữa chua xoài với ạ,Tôi cảm ơn
Mình order một tách cà phê trứng nóng nha bạn,Tôi cà-phê đen một đường không muốn
Làm ơn chuẩn bị lấy mình một cà phê dừa,mình cà-phê đen một đường không muốn
Lấy em xin một sữa chua chanh dây size vừa nha,Tôi cảm ơn
Đem mình một cà phê đen phin nha,Tôi giấy ăn phích cắm muốn
Lấy em một capuchino ít đá nha,Tôi cà-phê đen hai trà xoài một muốn
Mình gọi gọi một ly trà cam quế mật ong nóng,Tôi trà hoa đậu biếc ba muốn
Mình order một cốc nước ép cà chua nha bạn,Tôi nước ép cóc một nước ép ổi một muốn
Làm ơn chuẩn bị đem mình một nước ép cam,Tôi nước ép thơm một phích cắm muốn
Anh gọi một tách nước ép cà rốt uống tại quán,Tôi nước ép thơm một trà xoài một đá muốn
Đem tôi một ly trà thạch vải lạnh nha,Tôi trà gừng một muốn
Mình order một tách cà phê đen máy nha bạn,Tôi cà-phê sữa một trà xoài một muốn
Làm giúp mình một nước ép cam thật ngon,Tôi trà hoa đậu biếc một nước ép ổi hai phích cắm muốn
Mình gọi gọi một ly trà thạch sữa đào,mình trà gừng một nóng muốn
Đem mình một trà olong dâu vải nha,Tôi trà gừng một nóng muốn
Mình gọi gọi một ly cacao nóng,Tôi cà-phê sữa một muốn
Mình muốn uống một ly sữa chua kiwi nha đam bây giờ,sữa chua dâu một trà dâu một muốn
Cho cho mình một ly nước ép cà chua mang đi,Tôi nước ép thơm một muốn
Anh gọi một cốc trà vải cam sả uống tại quán,Tôi trà hoa đậu biếc ba muốn
Đem mình một phần nước ép ổi được không,Tôi nước ép thơm một muốn
Mình muốn uống một ly nước ép cam bây giờ,Tôi nước ép ổi một muốn
Lấy mình một trà cam quế mật ong đá nha,Tôi trà dâu bốn muốn
Đem mình một phần cacao đá được không,Tôi cà-phê sữa bốn đường muốn
Mình order gọi một ly americano,Tôi cà-phê đen một muốn
Lấy mình gọi một nước ép ổi với ạ,Tôi cà-phê sữa một nước ép cóc một giấy ăn muốn
Anh gọi một tách trà đào cam sả đá uống tại quán,mình trà dâu một muốn
Anh gọi một tách cacao nóng uống tại quán,Tôi cà-phê đen một đường không muốn
Anh muốn uống một ly cà phê trứng đá bây giờ,Tôi cà-phê đen một đường ít muốn
Anh muốn uống một ly nước ép cam bây giờ,Tôi nước ép thơm năm muốn
Lấy em một trà cam quế mật ong nóng ít đá nha,Tôi trà xoài một muốn
Lấy tôi một ly trà đào chanh leo lạnh nha,Tôi trà dâu một muốn
Đem em xin một sữa tươi trân châu đường đen trứng nướng size vừa nha,Tôi trà sữa hai đá muốn
Lấy em xin một trà cam quế mật ong đá size vừa nha,Tôi trà dâu một muốn
Đem em một sữa chua cam nha đam ít đá nha,mình sữa chua chanh dây một lạnh muốn
Đem mình một phần trà lipton cam thảo đá được không,Tôi trà dâu một muốn
Anh gọi một tách matcha latte uống tại quán,Tôi giấy ăn muốn
Đem tôi một ly sữa chua cam nha đam lạnh nha,Tôi sữa chua xoài hai cà-phê đen một muốn
Đem em xin một trà vải cam sả size vừa nha,mình trà dâu một lớn muốn
Anh muốn uống một ly nước ép cà rốt bây giờ,Tôi nước ép thơm một nước ép cam hai muốn
Đem mình một capuchino nha,mình cà-phê sữa một nóng muốn
Mang giúp tôi một phần cà phê dừa mang về,Tôi ly nhỏ một muốn
Làm ơn chuẩn bị lấy mình một sữa chua cam nha đam,Tôi nước ép cam một trà gừng một sữa chua xoài một muốn
Đem mình một phần trà cam quế mật ong nóng được không,Tôi trà hoa đậu biếc ba muốn
Lấy em xin một cà phê moca size vừa nha,Tôi cà-phê đen một muốn
Anh muốn uống một ly trà lipton cam thảo đá bây giờ,Tôi trà dâu ba đường ít muốn
Đem em một cà phê đen máy ít đá nha,Tôi cà-phê sữa bốn đá nhiều muốn
Anh gọi một cốc nước ép ổi uống tại quán,mình nước ép cam một đường không muốn
Mang cho mình một ly trà cam nha đam mang đi,Tôi trà gừng một nóng muốn
Mình order một cốc cacao muốn nha bạn,Tôi cà-phê sữa hai đá muốn
Đem em một bạc hà cookie đá xay ít đá nha,Tôi ống hút một muốn
Làm ơn chuẩn bị đem mình một cốt dừa cốm xanh,Tôi ống hút một muốn
Mình gọi gọi một ly nước ép cà rốt,mình nước ép cóc một đường không muốn
Mình order một tách sữa chua việt quất nha bạn,Tôi nước ép cam một muốn
Lấy mình một phần cà phê dừa được không,Tôi cà-phê đen một đường ít muốn
Lấy mình gọi một cà phê muối với ạ,Tôi giấy ăn phích cắm muốn
Mình order một tách nước ép cóc nha bạn,mình cảm ơn
Mình order gọi một ly sữa chua việt quất,Tôi sữa chua dâu ba muốn
Mang giúp tôi một phần nước ép cam mang về,Tôi nước ép thơm ba phích cắm muốn
Đem mình gọi một sữa chua dâu với ạ,Tôi nước ép cam một muốn
Đem em xin một trà cam quế mật ong nóng size vừa nha,Tôi trà hoa đậu biếc một muốn
Anh gọi một tách trà olong dâu vải uống tại quán,Tôi trà xoài hai đá muốn
Mang cho mình một ly cacao nóng mang đi,Tôi cà-phê sữa một muốn
Lấy tôi một ly cà phê dừa lạnh nha,Tôi cà-phê đen một đường ít muốn
Đem mình một phần nước chanh xí muội được không,mình cảm ơn
Mình order gọi một ly sữa chua kiwi nha đam,Tôi sữa chua chanh dây một muốn
Đem mình gọi một sữa chua kiwi nha đam với ạ,Tôi trà hoa đậu biếc một sữa chua chanh dây một muốn
Lấy tôi một ly trà cam quế mật ong nóng lạnh nha,Tôi khăn giấy ít muốn
Lấy mình gọi một bạc hà cookie đá xay với ạ,Tôi phích cắm muốn
Lấy em xin một nước chanh hoa đậu biếc size vừa nha,Tôi phích cắm muốn
Lấy mình một phần nước chanh xí muội được không,mình nước ép thơm một lạnh muốn
Cho giúp tôi một phần bạc hà cookie đá xay mang về,mình giấy ăn một muốn
Đem em một cà phê đen phin ít đá nha,Tôi cà-phê đen một giấy ăn muốn
Mình order gọi một ly bạc xỉu nóng,Tôi giấy ăn phích cắm muốn
Lấy tôi một ly trà lipton cam thảo nóng lạnh nha,mình trà xoài một đá ít muốn
Mình order một cốc nước chanh xí muội nha bạn,mình nước ép ổi một nguyên chất muốn
Cho cho mình một ly nước chanh hoa đậu biếc mang đi,mình nước ép ổi một muốn
Lấy em một sữa tươi trân châu đường đen trứng nướng ít đá nha,Tôi trà sữa hai đá muốn
Lấy mình gọi một cà phê đen Sài Gòn máy với ạ,mình cà-phê đen một đường không muốn
Đem em một sữa chua xoài ít đá nha,Tôi sữa chua chanh dây bốn phích cắm muốn
Lấy tôi một ly trà cam nha đam lạnh nha,Tôi trà hoa đậu biếc một muốn
Lấy mình một phần sữa chua kiwi nha đam được không,Tôi cà-phê đen hai sữa chua dâu một muốn
Mình order gọi một ly trà thạch vải,Tôi khăn giấy ít muốn
Anh gọi một tách capuchino uống tại quán,Tôi cà-phê sữa một đá ít giấy ăn muốn
Lấy em xin một trà gừng size vừa nha,mình trà hoa đậu biếc một muốn
Cho giúp tôi một phần cacao muốn mang về,Tôi cà-phê đen một đường không muốn
Đem mình gọi một trà thạch sữa đào với ạ,Tôi trà dâu bốn muốn
Lấy mình một phần capuchino được không,Tôi giấy ăn muốn
Cho cho mình một ly sữa chua chanh dây mang đi,Tôi sữa chua xoài hai cà-phê đen một phích cắm muốn
Mang giúp tôi một phần cà phê đen máy mang về,Tôi ly một cà phê đen đường ít muốn
Đem mình một trà cam nha đam nha,Tôi trà xoài ba đường muốn
Mình order một tách trà olong dâu vải nha bạn,mình trà hoa đậu biếc một muốn
Cho giúp tôi một phần sữa chua đào mang về,Tôi trà hoa đậu biếc một sữa chua chanh dây một muốn
Làm ơn đem mình một ly socola đá xay,mình giấy ăn một muốn
Đem em một nước ép cà chua ít đá nha,Tôi nước ép cóc một nước ép ổi một muốn
Lấy em xin một nước ép cà chua size vừa nha,Tôi cà-phê sữa một nước ép cóc một giấy ăn muốn
Lấy em một trà olong dâu vải ít đá nha,Tôi trà gừng nóng ba muốn
Mình order gọi một ly nước ép cà chua,mình nước ép cam một đường không muốn
Mang cho mình một ly nước ép cam mang đi,Tôi trà hoa đậu biếc một nước ép ổi hai phích cắm muốn
Làm ơn lấy mình một ly cốt dừa cốm xanh,Tôi ống hút một muốn
Anh muốn uống một ly cà phê đen phin bây giờ,mình cà-phê đen một đường không muốn
Đem mình gọi một nước chanh hoa đậu biếc với ạ,Tôi nước ép ổi một muốn
Cho giúp tôi một phần trà lipton cam thảo đá mang về,mình trà hoa đậu biếc một muốn
Mình gọi gọi một ly sữa chua chanh dây,Tôi sữa chua xoài hai cà-phê đen một phích cắm muốn
Đem mình một phần nước chanh hoa đậu biếc được không,mình nước ép cóc một đường không muốn
Anh gọi một cốc trà đào chanh leo uống tại quán,mình trà dâu một lớn muốn
Mang cho mình một ly cà phê kem caramel mang đi,Tôi cà-phê đen một đường ít muốn
Lấy tôi một ly nước chanh xí muội lạnh nha,mình nước ép thơm một lạnh muốn
Đem mình một trà lipton cam thảo nóng nha,Tôi trà gừng một muốn
Cho giúp tôi một phần trà đào cam sả nóng mang về,Tôi trà hoa đậu biếc một muốn
Đem mình gọi một cacao muốn với ạ,Tôi cà-phê sữa bốn đá nhiều muốn
Em muốn uống một ly cà phê trứng đá bây giờ,Tôi cà-phê đen một đường không muốn
Anh gọi một tách cacao muốn uống tại quán,Tôi ly một cà phê đen đường ít muốn
Chuẩn bị giúp mình một nước ép ổi thật ngon,Tôi nước ép thơm một muốn
Mình order gọi một ly sữa tươi trân châu đường đen kem trứng,mình trà sữa một muốn
Cho giúp tôi một phần trà đào cam sả đá mang về,Tôi trà hoa đậu biếc một muốn
Lấy mình gọi một sữa chua đào với ạ,Tôi sữa chua xoài hai sữa chua dâu một muốn
Làm giúp mình một nước chanh xí muội thật ngon,mình nước ép cóc một đường không muốn
Làm ơn chuẩn bị đem mình một cà phê moca,Tôi cà-phê sữa bốn đá nhiều muốn
Mình order một cốc nước ép ổi nha bạn,mình nước ép thơm một đá không muốn
Lấy em xin một sữa chua dâu size vừa nha,Tôi sữa chua chanh dây ba phích cắm muốn
Lấy em một trà gừng ít đá nha,Tôi trà xoài hai đá muốn
Đem em xin một nước chanh xí muội size vừa nha,mình nước ép cam một đường không muốn
Mình order gọi một ly cacao nóng,Tôi cà-phê đen hai muốn
Đem mình gọi một cacao đá với ạ,Tôi cà-phê đen một giấy ăn muốn
Mình order một cốc trà vải cam sả nha bạn,Tôi trà xoài ba đường muốn
Đem mình một trà thạch vải nha,Tôi muỗng một muốn
Đem mình gọi một trà đào chanh leo với ạ,Tôi trà hoa đậu biếc ba muốn
Lấy tôi một ly socola macchiato lạnh nha,mình giấy ăn ít muốn
Lấy tôi một ly nước ép cà chua lạnh nha,Tôi nước ép cam một muốn
Mình order một tách nước ép cam nha bạn,mình nước ép cóc một ngọt ít muốn
Đem em xin một cà phê trứng đá size vừa nha,Tôi ống hút một muốn
Đem tôi một ly nước ép cóc lạnh nha,Tôi nước ép thơm một muốn
Lấy em xin một trà đào chanh leo size vừa nha,Tôi trà gừng một muốn
Đem mình gọi một socola đá với ạ,Tôi cà-phê đen hai muốn
Anh gọi một cốc sữa chua cam nha đam uống tại quán,Tôi sữa chua chanh dây bốn lạnh muốn
Cho giúp tôi một phần cà phê moca mang về,Tôi giấy ăn muốn
Đem mình gọi một cà phê đen phin với ạ,mình cà-phê sữa một nóng muốn
Lấy mình một cà phê đen phin nha,Tôi cà-phê đen một đường ít muốn
Lấy em một trà đào cam sả nóng ít đá nha,mình trà dâu một muốn
Lấy mình một phần trà gừng được không,mình trà xoài một đá ít muốn
Anh gọi một tách nước ép cóc uống tại quán,Tôi trà xoài hai nước ép cam một muốn
Đem mình một phần socola đá được không,Tôi cà-phê sữa hai đá ít muốn
Lấy mình gọi một nước ép cà chua với ạ,mình nước ép thơm một đá không muốn
Làm ơn chuẩn bị lấy mình một nước chanh xí muội,Tôi cà-phê đen một nước ép thơm một muốn
Làm ơn đem mình một ly trà thạch vải,mình trà hoa đậu biếc một muốn
Lấy em một nước chanh hoa đậu biếc ít đá nha,mình nước ép cóc một đường không muốn
Lấy mình một phần socola macchiato được không,mình giấy ăn ít muốn
Đem mình gọi một trà lipton cam thảo đá với ạ,Tôi trà dâu ba đường muốn
Làm ơn lấy mình một ly nước ép cà rốt,Tôi nước ép thơm một nước ép cam hai muốn
Anh gọi một cốc sữa chua việt quất uống tại quán,Tôi cà-phê đen một sữa chua xoài hai muốn
Lấy mình một phần trà cam quế mật ong đá được không,Tôi trà dâu bốn muốn
Cho cho mình một ly cà phê muối mang đi,Tôi cà-phê đen hai muốn
Làm ơn lấy mình một ly nước chanh xí muội,Tôi nước ép ổi hai ngọt ít muốn
Lấy em một nước ép cà chua ít đá nha,Tôi nước ép ổi một giấy ăn muốn
Đem mình gọi một sữa chua chanh dây với ạ,Tôi sữa chua xoài một muốn
Mình order một tách sữa tươi trân châu đường đen kem trứng nha bạn,mình trà sữa một muốn
Làm ơn đem mình một ly sữa chua xoài,Tôi sữa chua dâu một muốn
Lấy em một nước ép ổi ít đá nha,Tôi nước ép cam một muốn
Mình order một cốc sữa chua cam nha đam nha bạn,mình sữa chua chanh dây một lạnh muốn
Đem mình một nước ép thơm nha,Tôi nước ép ổi hai ngọt ít muốn
Mình muốn uống một ly cà phê đen Sài Gòn máy bây giờ,Tôi muỗng một muốn
Lấy em một cà phê đen Sài Gòn máy ít đá nha,Tôi trà dâu một cà-phê sữa một đá ít muốn
Đem mình một phần trà gừng được không,Tôi trà dâu một muốn
Đem em xin một sữa chua cam nha đam size vừa nha,Tôi sữa chua xoài hai cà-phê đen một phích cắm muốn
Lấy mình gọi một cacao nóng với ạ,Tôi cà-phê sữa một muốn
Lấy mình gọi một nước chanh hoa đậu biếc với ạ,Tôi nước ép ổi hai ngọt ít muốn
Chuẩn bị giúp mình một trà thạch vải thật ngon,Tôi trà xoài hai đá muốn
Anh gọi một tách nước ép ổi uống tại quán,mình nước ép cam một đá ít muốn
Đem em một nước ép thơm ít đá nha,Tôi nước ép cóc một muốn
Làm ơn chuẩn bị đem mình một trà vải cam sả,Tôi trà hoa đậu biếc một muốn
Lấy mình một phần cà phê trứng nóng được không,Tôi cà-phê đen một giấy ăn muốn
Đem mình một sữa chua kiwi nha đam nha,mình sữa chua chanh dây một lạnh muốn
Lấy mình gọi một trà sen vàng macchiato với ạ,mình giấy ăn ít muốn
Đem mình một sữa chua đào nha,Tôi sữa chua dâu một đường không muốn
Đem mình một matcha latte nha,mình sạc phích cắm muốn
Đem mình một phần sữa chua xoài được không,Tôi sữa chua dâu một muốn
Cho cho mình một ly nước chanh xí muội mang đi,Tôi nước ép cóc một nước ép ổi một muốn
Chuẩn bị giúp mình một cacao muốn thật ngon,Tôi cà-phê đen một muốn
Anh muốn uống một ly cacao đá bây giờ,Tôi cà-phê đen hai muốn
Mang giúp tôi một phần sữa chua chanh dây mang về,mình sữa chua xoài một trân châu muốn
Cho cho mình một ly trà cam nha đam mang đi,Tôi trà gừng một cà-phê sữa hai muốn
Mình gọi gọi một ly trà cam quế mật ong đá,Tôi trà gừng một nóng muốn
Đem mình gọi một cà phê trứng nóng với ạ,mình cà-phê đen một muốn
Lấy em xin một sữa chua kiwi nha đam size vừa nha,Tôi sữa chua xoài hai cà-phê đen một muốn
Mang cho mình một ly cà phê trứng nóng mang đi,Tôi ly một cà phê đen đường ít muốn
Đem mình gọi một trà gừng với ạ,Tôi trà xoài ba đường muốn
Lấy mình gọi một sữa tươi trân châu đường đen trứng nướng với ạ,mình trà sữa một muốn
Đem em xin một trà đào chanh leo size vừa nha,Tôi trà xoài hai đá muốn
Làm ơn chuẩn bị đem mình một trà cam nha đam,Tôi trà dâu ba đường muốn
Mang cho mình một ly trà vải cam sả mang đi,Tôi trà hoa đậu biếc một muốn
Lấy mình gọi một socola đá với ạ,Tôi cà-phê đen một muốn
Lấy em xin một sữa tươi trân châu đường đen kem trứng size vừa nha,Tôi trà sữa một muốn
Đem em xin một nước ép cà rốt size vừa nha,Tôi nước ép thơm một phích cắm muốn
Lấy em một sữa chua cam nha đam ít đá nha,Tôi sữa chua xoài một muốn
Mình order gọi một ly nước ép cóc,Tôi nước ép cam ba giấy ăn muốn
Làm ơn chuẩn bị lấy mình một sữa chua việt quất,Tôi sữa chua dâu một đường không muốn
Lấy tôi một ly sữa chua cam nha đam lạnh nha,Tôi sữa chua chanh dây ba muốn
Chuẩn bị giúp mình một americano thật ngon,Tôi giấy ăn muốn
Đem em xin một sữa chua kiwi nha đam size vừa nha,Tôi cà-phê đen một sữa chua xoài hai muốn
Anh gọi một ly sữa chua xoài uống tại quán,Tôi cà-phê đen một sữa chua xoài hai muốn
Mình muốn gọi một ly sữa chua dâu,Tôi sữa chua dâu một muốn
Cho em xin một sữa chua xoài size vừa nha,Tôi cà-phê đen một sữa chua xoài hai muốn
Lấy cho mình một ly sữa chua xoài mang đi,Tôi cà-phê đen một sữa chua xoài hai muốn
Làm ơn chuẩn bị cho mình một sữa chua xoài,Tôi cà-phê đen một sữa chua xoài hai muốn
Làm ơn cho mình một ly sữa chua chanh dây,mình sữa chua chanh dây một lạnh muốn
Mình muốn gọi một ly matcha macchiato,mình giấy ăn ít muốn
Anh gọi một ly nước ép cóc uống tại quán,Tôi cà-phê sữa một nước ép cóc một giấy ăn muốn
Cho mình một trà gừng nha,Tôi trà gừng một nóng muốn
Lấy giúp tôi một phần cà phê moca mang về,mình phích cắm muốn
Pha giúp mình một nước ép thơm thật ngon,mình nước ép thơm một lạnh muốn
Tôi muốn uống một ly socola đá xay bây giờ,Tôi ống hút một muốn
Cho mình gọi một trà với ạ,mình trà xoài một đường ít muốn
Cho mình gọi một matcha đá xay với ạ,Tôi phích cắm muốn
Cho em một nước ép ổi ít đá nha,Tôi nước ép ổi hai ngọt ít muốn
Anh gọi một ly cà phê moca uống tại quán,mình phích cắm muốn
Cho em một sữa chua xoài ít đá nha,Tôi cà-phê đen một sữa chua xoài hai muốn
Cho em xin một cà phê moca size vừa nha,mình phích cắm muốn
Tôi muốn uống một ly trà gừng bây giờ,Tôi trà gừng một nóng muốn
Làm ơn chuẩn bị cho mình một nước ép cóc,Tôi cà-phê sữa một nước ép cóc một giấy ăn muốn
Cho em xin một cà phê size vừa nha,Tôi cà-phê sữa một đá ít giấy ăn muốn
Mình order một ly sữa chua xoài nha bạn,Tôi cà-phê đen một sữa chua xoài hai muốn
Tôi muốn uống một ly nước ép ổi bây giờ,Tôi nước ép ổi một muốn
Lấy cho mình một ly nước ép thơm mang đi,Tôi nước ép thơm một muốn
Anh gọi một ly matcha đá xay uống tại quán,Tôi phích cắm muốn
Làm ơn cho mình một ly matcha latte,Tôi giấy ăn muốn
Lấy giúp tôi một phần cà phê trứng nóng mang về,Tôi giấy ăn phích cắm muốn
Lấy cho mình một ly nước ép cam mang đi,Tôi trà hoa đậu biếc một nước ép cam ba muốn
Pha giúp mình một cà phê đen máy thật ngon,Tôi ống hút một muốn
Lấy cho mình một ly trà mang đi,mình trà xoài một đường ít muốn
Anh gọi một ly sữa chua đào uống tại quán,Tôi cảm ơn
Làm ơn cho mình một ly nước ép cam,mình cảm ơn
Mình muốn gọi một ly trà gừng,Tôi trà gừng một nóng muốn
Cho em xin một matcha latte size vừa nha,Tôi giấy ăn muốn
Cho mình gọi một nước ép thơm với ạ,mình nước ép thơm một đá không muốn
Cho mình gọi một nước ép ổi với ạ,Tôi nước ép ổi hai ngọt ít muốn
Cho mình gọi một sữa tươi trân châu đường đen kem trứng với ạ,Tôi trà sữa hai đá muốn
Cho tôi một ly trà lạnh nha,mình trà xoài một đường ít muốn
Cho mình gọi một nước ép cóc với ạ,Tôi cà-phê sữa một nước ép cóc một giấy ăn muốn
Cho mình một phần sữa chua dâu được không,sữa chua dâu một trà dâu một muốn
Cho mình gọi một nước ép cam với ạ,Tôi trà hoa đậu biếc một nước ép cam ba muốn
Lấy giúp tôi một phần cà phê mang về,Tôi trà dâu một cà-phê sữa một đá ít muốn
Cho mình một matcha đá xay nha,Tôi phích cắm muốn
Tôi muốn uống một ly sữa chua đào bây giờ,Tôi cảm ơn
Tôi muốn uống một ly sữa chua xoài bây giờ,Tôi sữa chua xoài hai cà-phê đen một muốn
Anh gọi một ly trà uống tại quán,Tôi trà dâu ba đường ít muốn
Làm ơn cho mình một ly sữa chua dâu,Tôi sữa chua dâu một muốn
Cho em một cà phê ít đá nha,Tôi cà-phê sữa một đá ít giấy ăn muốn
Làm ơn chuẩn bị cho mình một sữa chua dâu,sữa chua dâu một trà dâu một muốn
Cho mình gọi một matcha latte với ạ,Tôi giấy ăn muốn
Cho em xin một nước ép cam size vừa nha,mình cảm ơn
Cho tôi một ly matcha latte lạnh nha,Tôi giấy ăn muốn
Cho mình một sữa chua dâu nha,Tôi sữa chua dâu một muốn
Làm ơn cho mình một ly cà phê trứng nóng,Tôi giấy ăn phích cắm muốn
Anh gọi một ly trà thạch sữa đào uống tại quán,Tôi muỗng một muốn
Anh gọi một ly cà phê đen phin uống tại quán,mình sạc phích cắm muốn
Mình order một ly sữa chua dâu nha bạn,Tôi sữa chua dâu một muốn
Lấy giúp tôi một phần sữa tươi trân châu đường đen mang về,Tôi trà sữa một muốn
Làm ơn cho mình một ly cốt dừa cốm xanh,mình giấy ăn một muốn
Lấy cho mình một ly cà phê đen máy mang đi,Tôi ống hút một muốn
Làm ơn chuẩn bị cho mình một cốt dừa cốm xanh,mình giấy ăn một muốn
Cho em xin một sữa tươi trân châu đường đen size vừa nha,Tôi trà sữa một muốn
Tôi muốn uống một ly cà phê muối bây giờ,Tôi ly nhỏ một muốn
Pha giúp mình một socala nóng thật ngon,Tôi giấy ăn muốn
Cho mình gọi một sữa chua dâu với ạ,sữa chua dâu một trà dâu một muốn
Cho em một sữa chua chanh dây ít đá nha,mình sữa chua chanh dây một lạnh muốn
Cho mình một phần cà phê đen máy được không,Tôi ống hút một muốn
Cho mình gọi một cà phê trứng nóng với ạ,Tôi giấy ăn phích cắm muốn
Lấy giúp tôi một phần cốt dừa cốm xanh mang về,mình giấy ăn một muốn
Mình muốn gọi một ly matcha đá xay,Tôi phích cắm muốn
Tôi muốn uống một ly sữa chua dâu bây giờ,Tôi sữa chua dâu một muốn
Anh gọi một ly cà phê muối uống tại quán,Tôi ly nhỏ một muốn
Mình order một ly trà nha bạn,mình trà xoài một đường ít muốn
Lấy giúp tôi một phần matcha latte mang về,Tôi giấy ăn muốn
Tôi muốn uống một ly trà bây giờ,mình trà xoài một đường ít muốn
Cho mình một phần matcha đá xay được không,Tôi phích cắm muốn
Lấy giúp tôi một phần sữa chua xoài mang về,Tôi cà-phê đen một sữa chua xoài hai muốn
Pha giúp mình một sữa chua chanh dây thật ngon,Tôi sữa chua chanh dây bốn phích cắm muốn
Cho mình một phần cà phê muối được không,Tôi ly nhỏ một muốn
Tôi muốn uống một ly socala nóng bây giờ,Tôi giấy ăn muốn
Pha giúp mình một trà thạch sữa đào thật ngon,Tôi muỗng một muốn
Lấy giúp tôi một phần nước ép thơm mang về,mình nước ép thơm một lạnh muốn
Cho em xin một cà phê đen phin size vừa nha,mình sạc phích cắm muốn
Pha giúp mình một sữa chua xoài thật ngon,Tôi sữa chua xoài hai sữa chua dâu một muốn
Làm ơn cho mình một ly sữa tươi trân châu đường đen,Tôi trà dâu hai trà sữa một muốn
Lấy giúp tôi một phần trà gừng mang về,Tôi trà gừng một nóng muốn
Làm ơn cho mình một ly trà gừng,Tôi khăn giấy ít muốn
Lấy giúp tôi một phần sữa chua đào mang về,Tôi cảm ơn
Mình order một ly trà thạch sữa đào nha bạn,Tôi muỗng một muốn
Cho mình một nước ép cam nha,Tôi trà hoa đậu biếc một nước ép cam ba muốn
Mình muốn gọi một ly nước ép thơm,mình nước ép thơm một lạnh muốn
Pha giúp mình một trà gừng thật ngon,Tôi khăn giấy ít muốn
Anh gọi một ly trà gừng uống tại quán,Tôi khăn giấy ít muốn
Cho tôi một ly cốt dừa cốm xanh lạnh nha,mình giấy ăn một muốn
Cho mình một sữa chua xoài nha,Tôi cà-phê đen một sữa chua xoài hai muốn
Cho mình gọi một cà phê với ạ,Tôi cà-phê sữa một đá ít giấy ăn muốn
Cho tôi một ly trà thạch sữa đào lạnh nha,Tôi muỗng một muốn
Cho mình một phần cà phê được không,Tôi cà-phê sữa một đá ít giấy ăn muốn
Mình order một ly nước ép cam nha bạn,Tôi trà hoa đậu biếc một nước ép cam ba muốn
Lấy giúp tôi một phần cà phê đen phin mang về,mình sạc phích cắm muốn
Cho mình một phần socola đá xay được không,Tôi ống hút một muốn
Anh gọi một ly socola đá xay uống tại quán,Tôi ống hút một muốn
Làm ơn cho mình một ly cà phê đen phin,mình sạc phích cắm muốn
Cho mình một matcha macchiato nha,mình giấy ăn ít muốn
Cho tôi một ly sữa chua chanh dây lạnh nha,mình sữa chua chanh dây một lạnh muốn
Cho mình một sữa chua chanh dây nha,mình sữa chua chanh dây một lạnh muốn
Cho tôi một ly sữa tươi trân châu đường đen lạnh nha,Tôi trà sữa một muốn
Cho mình gọi một cà phê moca với ạ,mình phích cắm muốn
Lấy cho mình một ly sữa chua chanh dây mang đi,mình sữa chua chanh dây một lạnh muốn
Lấy cho mình một ly cà phê moca mang đi,mình phích cắm muốn
Làm ơn chuẩn bị cho mình một sữa tươi trân châu đường đen,Tôi trà sữa một muốn
Cho tôi một ly nước ép cam lạnh nha,mình nước ép cam một đá ít muốn
Anh gọi một ly sữa chua dâu uống tại quán,Tôi sữa chua dâu một muốn
Lấy giúp tôi một phần socala nóng mang về,Tôi giấy ăn muốn
Làm ơn cho mình một ly cà phê moca,mình phích cắm muốn
Cho em một matcha macchiato ít đá nha,mình giấy ăn ít muốn
Lấy giúp tôi một phần sữa tươi trân châu đường đen kem trứng mang về,Tôi trà sữa hai đá muốn
Anh gọi một ly sữa tươi trân châu đường đen kem trứng uống tại quán,Tôi trà sữa  ba giấy ăn muốn
Cho em một nước ép thơm ít đá nha,Tôi nước ép thơm một muốn
Cho mình một phần matcha macchiato được không,mình giấy ăn ít muốn
Mình order một ly socala nóng nha bạn,Tôi giấy ăn muốn
Cho mình một phần cà phê moca được không,mình phích cắm muốn
Mình muốn gọi một ly sữa chua chanh dây,Tôi sữa chua chanh dây ba phích cắm muốn
Làm ơn chuẩn bị cho mình một nước ép thơm,mình nước ép thơm một lạnh muốn
Cho mình một phần sữa chua chanh dây được không,Tôi sữa chua chanh dây bốn phích cắm muốn
Cho mình một phần sữa tươi trân châu đường đen kem trứng được không,Tôi trà sữa hai đá muốn
Cho em xin một sữa chua dâu size vừa nha,sữa chua dâu một trà dâu một muốn
Lấy giúp tôi một phần nước ép ổi mang về,Tôi nước ép ổi một muốn
Pha giúp mình một cà phê muối thật ngon,Tôi ly nhỏ một muốn
Cho tôi một ly sữa tươi trân châu đường đen kem trứng lạnh nha,Tôi trà sữa hai đá muốn
Lấy cho mình một ly cà phê trứng nóng mang đi,Tôi giấy ăn phích cắm muốn
Lấy giúp tôi một phần cà phê muối mang về,Tôi ly nhỏ một muốn
Tôi muốn uống một ly trà thạch sữa đào bây giờ,Tôi muỗng một muốn
Lấy cho mình một ly cốt dừa cốm xanh mang đi,mình giấy ăn một muốn
Cho tôi một ly trà gừng lạnh nha,Tôi trà gừng một nóng muốn
Cho em một sữa chua dâu ít đá nha,Tôi sữa chua dâu một muốn
Tôi muốn uống một ly nước ép cóc bây giờ,Tôi phích cắm muốn
Mình muốn gọi một ly cà phê,Tôi trà dâu một cà-phê sữa một đá ít muốn
Pha giúp mình một nước ép ổi thật ngon,Tôi nước ép ổi hai ngọt ít muốn
Cho em xin một sữa chua chanh dây size vừa nha,mình sữa chua chanh dây một lạnh muốn
Mình order một ly nước ép cóc nha bạn,Tôi nước ép cóc một nước ép ổi một muốn
Cho tôi một ly nước ép cóc lạnh nha,Tôi phích cắm muốn
Cho tôi một ly cà phê lạnh nha,Tôi trà dâu một cà-phê sữa một đá ít muốn
Lấy giúp tôi một phần sữa chua dâu mang về,Tôi sữa chua dâu một muốn
Làm ơn cho mình một ly cà phê,Tôi cà-phê sữa một đá ít giấy ăn muốn
Pha giúp mình một sữa chua dâu thật ngon,Tôi sữa chua dâu một muốn
Cho mình một nước ép ổi nha,Tôi nước ép ổi hai ngọt ít muốn
Anh gọi một ly cốt dừa cốm xanh uống tại quán,mình giấy ăn một muốn
Cho em xin một trà size vừa nha,Tôi trà dâu ba đường ít muốn
Anh gọi một ly matcha macchiato uống tại quán,mình giấy ăn ít muốn
Làm ơn chuẩn bị cho mình một nước ép ổi,Tôi nước ép ổi một muốn
Cho mình một cà phê trứng nóng nha,Tôi giấy ăn phích cắm muốn
Làm ơn cho mình một ly nước ép thơm,mình nước ép thơm một lạnh muốn
Cho em một nước ép cóc ít đá nha,Tôi nước ép cóc một nước ép ổi một muốn
Anh gọi một ly sữa tươi trân châu đường đen uống tại quán,mình trà sữa một muốn
Tôi muốn uống một ly nước ép thơm bây giờ,Tôi nước ép thơm một muốn
Mình muốn gọi một ly trà thạch sữa đào,Tôi muỗng một muốn
Anh gọi một ly nước ép thơm uống tại quán,mình nước ép thơm một lạnh muốn
Cho em một trà ít đá nha,mình trà xoài một đường ít muốn
Làm ơn cho mình một ly trà thạch sữa đào,Tôi muỗng một muốn
Mình muốn gọi một ly sữa tươi trân châu đường đen kem trứng,Tôi trà sữa  một muốn
Làm ơn chuẩn bị cho mình một cà phê,Tôi trà dâu một cà-phê sữa một đá ít muốn
Cho mình gọi một sữa tươi trân châu đường đen với ạ,Tôi trà sữa một muốn
Lấy cho mình một ly nước ép cóc mang đi,Tôi cà-phê sữa một nước ép cóc một giấy ăn muốn
Mình muốn gọi một ly nước ép ổi,Tôi nước ép ổi hai ngọt ít muốn
Mình muốn gọi một ly sữa chua đào,Tôi cảm ơn
Mình order một ly cà phê đen phin nha bạn,mình sạc phích cắm muốn
Cho em một cà phê muối ít đá nha,Tôi ly nhỏ một muốn
Cho mình gọi một cà phê muối với ạ,Tôi ly nhỏ một muốn
Cho em một socola đá xay ít đá nha,Tôi ống hút một muốn
Cho mình gọi một cà phê đen phin với ạ,mình sạc phích cắm muốn
Lấy giúp tôi một phần sữa chua chanh dây mang về,mình sữa chua chanh dây một lạnh muốn
Cho em một sữa tươi trân châu đường đen kem trứng ít đá nha,Tôi trà sữa hai đá muốn
Cho tôi một ly sữa chua dâu lạnh nha,mình sữa chua dâu một muốn
Cho mình một phần sữa tươi trân châu đường đen được không,mình trà sữa một muốn
Cho em xin một socola đá xay size vừa nha,Tôi ống hút một muốn
Lấy cho mình một ly trà gừng mang đi,Tôi trà gừng một nóng muốn
Tôi muốn uống một ly cốt dừa cốm xanh bây giờ,mình giấy ăn một muốn
Làm ơn cho mình một ly nước ép cóc,Tôi cà-phê sữa một nước ép cóc một giấy ăn muốn
Cho mình một phần nước ép cóc được không,Tôi cà-phê sữa một nước ép cóc một giấy ăn muốn
Cho mình một phần nước ép cam được không,Tôi trà hoa đậu biếc một nước ép cam ba muốn
Làm ơn chuẩn bị cho mình một cà phê muối,Tôi ly nhỏ một muốn
Pha giúp mình một nước ép cóc thật ngon,Tôi cà-phê sữa một nước ép cóc một giấy ăn muốn
Cho em một sữa tươi trân châu đường đen ít đá nha,Tôi trà dâu hai trà sữa một muốn
Cho mình một cà phê đen phin nha,mình sạc phích cắm muốn
Làm ơn chuẩn bị cho mình một trà,Tôi trà hoa đậu biếc một muốn
Anh gọi một ly nước ép cam uống tại quán,Tôi trà hoa đậu biếc một nước ép cam ba muốn
Pha giúp mình một nước ép cam thật ngon,mình nước ép cam một đá ít muốn
Tôi muốn uống một ly matcha macchiato bây giờ,mình giấy ăn ít muốn
Mình order một ly matcha latte nha bạn,Tôi giấy ăn muốn
Mình order một ly sữa chua chanh dây nha bạn,mình sữa chua chanh dây một lạnh muốn
Mình muốn gọi một ly cà phê đen máy,Tôi ống hút một muốn
Cho tôi một ly nước ép ổi lạnh nha,Tôi nước ép ổi hai ngọt ít muốn
Làm ơn chuẩn bị cho mình một sữa chua chanh dây,Tôi sữa chua chanh dây ba phích cắm muốn
Mình muốn gọi một ly nước ép cam,Tôi trà hoa đậu biếc một nước ép cam ba muốn
Tôi muốn uống một ly sữa chua chanh dây bây giờ,mình sữa chua chanh dây một lạnh muốn
Tôi muốn uống một ly nước ép cam bây giờ,Tôi trà hoa đậu biếc một nước ép cam ba muốn
Làm ơn cho mình một ly sữa chua xoài,Tôi sữa chua xoài hai sữa chua dâu một muốn
Cho tôi một ly sữa chua đào lạnh nha,Tôi cảm ơn
Pha giúp mình một cà phê trứng nóng thật ngon,Tôi giấy ăn phích cắm muốn
Pha giúp mình một matcha macchiato thật ngon,mình giấy ăn ít muốn
Lấy giúp tôi một phần nước ép cóc mang về,Tôi nước ép cóc một nước ép ổi một muốn
Làm ơn cho mình một ly trà,Tôi trà dâu ba đường ít muốn
Lấy cho mình một ly cà phê đen phin mang đi,mình sạc phích cắm muốn
Cho tôi một ly socala nóng lạnh nha,Tôi giấy ăn muốn
Anh gọi một ly socala nóng uống tại quán,Tôi giấy ăn muốn
Cho em xin một cà phê trứng nóng size vừa nha,Tôi giấy ăn phích cắm muốn
Mình order một ly matcha macchiato nha bạn,mình giấy ăn ít muốn
Tôi muốn uống một ly matcha latte bây giờ,Tôi giấy ăn muốn
Cho em xin một cà phê muối size vừa nha,Tôi ly nhỏ một muốn
Cho mình một phần nước ép ổi được không,Tôi nước ép ổi hai ngọt ít muốn
Làm ơn chuẩn bị cho mình một nước ép cam,mình cảm ơn
Mình order một ly sữa chua đào nha bạn,Tôi cảm ơn
Cho mình gọi một sữa chua xoài với ạ,Tôi cà-phê đen một sữa chua xoài hai muốn
Lấy giúp tôi một phần socola đá xay mang về,Tôi ống hút một muốn
Cho em một cà phê đen phin ít đá nha,mình sạc phích cắm muốn
Cho mình một nước ép cóc nha,Tôi cà-phê sữa một nước ép cóc một giấy ăn muốn
Cho em một matcha đá xay ít đá nha,Tôi phích cắm muốn
Cho em xin một sữa tươi trân châu đường đen kem trứng size vừa nha,Tôi trà sữa hai đá muốn
Pha giúp mình một trà thật ngon,mình trà xoài một đường ít muốn
Làm ơn cho mình một ly sữa chua đào,Tôi cảm ơn
Làm ơn chuẩn bị cho mình một cà phê trứng nóng,Tôi giấy ăn phích cắm muốn
Làm ơn cho mình một ly socola đá xay,Tôi ống hút một muốn
Mình order một ly cà phê nha bạn,Tôi cà-phê sữa một đá ít giấy ăn muốn
Cho em xin một cà phê đen máy size vừa nha,Tôi ống hút một muốn
Làm ơn chuẩn bị cho mình một socola đá xay,Tôi ống hút một muốn
Cho mình một trà thạch sữa đào nha,Tôi muỗng một muốn
Lấy cho mình một ly sữa tươi trân châu đường đen kem trứng mang đi,Tôi trà sữa  ba giấy ăn muốn
Lấy giúp tôi một phần nước ép cam mang về,Tôi trà hoa đậu biếc một nước ép cam ba muốn
Cho mình một cốt dừa cốm xanh nha,mình giấy ăn một muốn
Cho em xin một nước ép ổi size vừa nha,Tôi nước ép ổi hai ngọt ít muốn
Cho em một cốt dừa cốm xanh ít đá nha,mình giấy ăn một muốn
Cho mình một sữa tươi trân châu đường đen kem trứng nha,Tôi trà sữa hai đá muốn
Cho tôi một ly nước ép thơm lạnh nha,mình nước ép thơm một lạnh muốn
Cho em một cà phê moca ít đá nha,mình phích cắm muốn
Cho em xin một nước ép thơm size vừa nha,mình nước ép thơm một lạnh muốn
Cho em xin một trà gừng size vừa nha,Tôi trà gừng một nóng muốn
Cho em xin một sữa chua đào size vừa nha,Tôi cảm ơn
Cho mình một phần trà được không,Tôi trà dâu ba đường ít muốn
Cho mình gọi một socala nóng với ạ,Tôi giấy ăn muốn
Lấy cho mình một ly socola đá xay mang đi,Tôi ống hút một muốn
Mình order một ly sữa tươi trân châu đường đen kem trứng nha bạn,Tôi trà sữa hai đá muốn
Làm ơn cho mình một ly sữa tươi trân châu đường đen kem trứng,Tôi trà sữa hai đá muốn
Pha giúp mình một sữa tươi trân châu đường đen kem trứng thật ngon,Tôi trà sữa  ba giấy ăn muốn
Pha giúp mình một cà phê thật ngon,Tôi cà-phê đen một muốn
Mình muốn gọi một ly sữa chua xoài,Tôi sữa chua xoài hai sữa chua dâu một muốn
Mình order một ly sữa tươi trân châu đường đen nha bạn,Tôi trà sữa một muốn
Tôi muốn uống một ly sữa tươi trân châu đường đen bây giờ,Tôi trà dâu hai trà sữa một muốn
Mình order một ly nước ép thơm nha bạn,Tôi nước ép thơm một muốn
Cho mình một cà phê moca nha,mình phích cắm muốn
Làm ơn cho mình một ly nước ép ổi,Tôi nước ép ổi hai ngọt ít muốn
Tôi muốn uống một ly sữa tươi trân châu đường đen kem trứng bây giờ,Tôi trà sữa  ba giấy ăn muốn
Cho mình một socala nóng nha,Tôi giấy ăn muốn
Cho mình một sữa tươi trân châu đường đen nha,Tôi trà sữa một muốn
Lấy cho mình một ly matcha đá xay mang đi,Tôi phích cắm muốn
Lấy giúp tôi một phần cà phê đen máy mang về,Tôi ống hút một muốn
Mình muốn gọi một ly cà phê moca,mình phích cắm muốn
Anh gọi một ly nước ép ổi uống tại quán,Tôi nước ép ổi hai ngọt ít muốn
Cho em một nước ép cam ít đá nha,Tôi trà hoa đậu biếc một nước ép cam ba muốn
Mình muốn gọi một ly trà,mình trà xoài một đường ít muốn
Lấy cho mình một ly sữa tươi trân châu đường đen mang đi,Tôi trà sữa một muốn
Lấy cho mình một ly sữa chua dâu mang đi,Tôi sữa chua dâu một muốn
Cho mình một phần trà gừng được không,Tôi trà gừng một nóng muốn
Mình order một ly matcha đá xay nha bạn,Tôi phích cắm muốn
Cho mình gọi một sữa chua đào với ạ,Tôi cảm ơn
Làm ơn chuẩn bị cho mình một sữa tươi trân châu đường đen kem trứng,Tôi trà sữa hai đá muốn
Cho tôi một ly cà phê đen phin lạnh nha,mình sạc phích cắm muốn
Cho mình gọi một sữa chua chanh dây với ạ,Tôi sữa chua chanh dây ba phích cắm muốn
Lấy cho mình một ly cà phê muối mang đi,Tôi ly nhỏ một muốn
Làm ơn cho mình một ly cà phê đen máy,Tôi ống hút một muốn
Mình muốn gọi một ly cà phê trứng nóng,Tôi giấy ăn phích cắm muốn
Anh gọi một ly sữa chua chanh dây uống tại quán,mình sữa chua chanh dây một lạnh muốn
Mình muốn gọi một ly sữa tươi trân châu đường đen,Tôi trà sữa một muốn
Cho em xin một cốt dừa cốm xanh size vừa nha,mình giấy ăn một muốn
Tôi muốn uống một ly cà phê bây giờ,Tôi cà-phê sữa một đá ít giấy ăn muốn
Làm ơn chuẩn bị cho mình một trà gừng,Tôi trà gừng một nóng muốn
Lấy giúp tôi một phần trà mang về,mình trà xoài một đường ít muốn
Cho tôi một ly sữa chua xoài lạnh nha,Tôi sữa chua xoài hai cà-phê đen một muốn
Lấy cho mình một ly socala nóng mang đi,Tôi giấy ăn muốn
Cho em xin một matcha đá xay size vừa nha,Tôi phích cắm muốn
Cho tôi một ly socola đá xay lạnh nha,Tôi ống hút một muốn
Mình order một ly nước ép ổi nha bạn,Tôi nước ép ổi một muốn
Cho em một trà gừng ít đá nha,Tôi trà gừng một muốn
Lấy cho mình một ly nước ép ổi mang đi,Tôi nước ép ổi bốn trà gừng một muốn
Anh gọi một ly cà phê uống tại quán,Tôi cà-phê sữa một đá ít giấy ăn muốn
Cho mình một trà nha,mình trà xoài một đường ít muốn
Cho mình gọi một matcha macchiato với ạ,mình giấy ăn ít muốn
Pha giúp mình một sữa tươi trân châu đường đen thật ngon,Tôi trà sữa một muốn
Cho mình một nước ép thơm nha,mình nước ép thơm một lạnh muốn
Cho mình gọi một trà gừng với ạ,Tôi khăn giấy ít muốn
Cho mình một phần nước ép thơm được không,mình nước ép thơm một lạnh muốn
Mình order một ly cà phê trứng nóng nha bạn,Tôi giấy ăn phích cắm muốn
Làm ơn chuẩn bị cho mình một cà phê đen máy,Tôi ống hút một muốn
Cho mình một cà phê nha,Tôi cà-phê sữa một đá ít giấy ăn muốn
Cho mình một phần matcha latte được không,Tôi giấy ăn muốn
Mình order một ly trà gừng nha bạn,Tôi trà gừng một nóng muốn
Lấy giúp tôi một phần trà thạch sữa đào mang về,Tôi muỗng một muốn
Mình muốn gọi một ly nước ép cóc,Tôi cà-phê sữa một nước ép cóc một giấy ăn muốn
Cho mình một phần sữa chua xoài được không,Tôi cà-phê đen một sữa chua xoài hai muốn
Cho tôi một ly matcha macchiato lạnh nha,mình giấy ăn ít muốn
"Em muốn một ly cà phê muối sữa, ít đá, và thêm giấy ăn.",Tôi cà-phê sữa một đá ít giấy ăn muốn
Đem Tôi ba ly sữa chua xoài và một phích cắm gần cửa.,Tôi sữa chua chanh dây ba phích cắm muốn
"Anh muốn bốn ly sữa chua cam nha đam, làm lạnh.",Tôi sữa chua chanh dây bốn lạnh muốn
Lấy Tôi một ly sữa chua cam nha đam,Tôi sữa chua xoài một muốn
"Mình lấy ba ly trà đào chanh leo, để nóng nhé.",Tôi trà gừng nóng ba muốn
"Mang cho Tôi ba ly trà đào cam sả đá xoài, thêm đường.",Tôi trà xoài ba đường muốn
Gọi giúp tôi một nước ép cam ít ngọt.,mình nước ép cóc một ngọt ít muốn
Đem Em thêm một cái ống hút.,Tôi ống hút một muốn
Mình muốn thêm một ly trà lipton cam thảo đá nóng.,Tôi trà gừng một nóng muốn
Lấy Tôi thêm đá cho hai ly cà phê đen máy sữa.,Tôi cà-phê sữa hai đá muốn
"Đem mình trà lipton cam thảo nóng xoài, ít đá.",mình trà xoài một đá ít muốn
"Mình muốn một ly trà dâu và một ly cà phê muối sữa, ít đá.",Tôi trà dâu một cà-phê sữa một đá ít muốn
Mình muốn một ly cà phê kem caramel đen và thêm giấy ăn.,Tôi cà-phê đen một giấy ăn muốn
Lấy Tôi thêm một ly trà đào chanh leo hoa đậu biếc.,Tôi trà hoa đậu biếc một muốn
Mình gọi gọi một cà phê trứng nóng sữa nóng.,mình cà-phê sữa một nóng muốn
Mình gọi hai ly trà hoa đậu biếc và một ly sữa chua cam nha đam.,Tôi trà hoa đậu biếc hai sữa chua chanh dây một muốn
"Em muốn thêm đường cho ba ly trà đào cam sả đá dâu, cảm ơn.",Tôi trà dâu ba đường muốn
Đem Tôi thêm một ly nước chanh xí muội.,Tôi nước ép thơm một muốn
Anh muốn ba ly trà cam nha đam hoa đậu biếc.,Tôi trà hoa đậu biếc ba muốn
Mình muốn ba ly trà cam nha đam hoa đậu biếc.,Tôi trà hoa đậu biếc ba muốn
"Đem Tôi hai ly nước ép cà chua, ít ngọt.",Tôi nước ép ổi hai ngọt ít muốn
"Anh muốn một ly nước ép cóc, một ly trà xoài, và thêm đá.",Tôi nước ép thơm một trà xoài một đá muốn
"Đem Tôi bốn ly nước chanh xí muội và một ly trà gừng, cảm ơn.",Tôi nước ép ổi bốn trà gừng một muốn
"Anh gọi hai ly cà phê đen, một ly sữa chua xoài, và cảm ơn.",Tôi cà-phê đen hai sữa chua dâu một muốn
Mình gọi một ly trà lipton cam thảo nóng,Tôi trà gừng một muốn
Lấy Tôi một ly trà cam nha đam dâu và thêm giấy ăn.,Tôi trà dâu một giấy ăn muốn
Anh muốn hai ly cacao đá đen và cảm ơn.,Tôi cà-phê đen hai muốn
Mình uống một trà cam quế mật ong nóng hoa đậu biếc nhé.,mình trà hoa đậu biếc một muốn
Em muốn bốn ly cacao đá sữa và thêm đường.,Tôi cà-phê sữa bốn đường muốn
Em muốn một ly nước ép cà rốt và thêm giấy ăn.,Tôi nước ép ổi một giấy ăn muốn
Mình uống một tách nước ép thơm nguyên chất.,mình nước ép ổi một nguyên chất muốn
"Em lấy ba ly trà thạch vải, để nóng nhé.",Tôi trà gừng nóng ba muốn
Mang cho Tôi một ly nước chanh xí muội và cảm ơn.,Tôi nước ép cam một muốn
Em muốn một ly nước ép cam và một ly nước ép ổi.,Tôi nước ép cóc một nước ép ổi một muốn
Lấy Em thêm một cái muỗng.,Tôi muỗng một muốn
Em muốn một ly bạc xỉu nóng đen và thêm giấy ăn.,Tôi cà-phê đen một giấy ăn muốn
Đem Tôi một ly sữa tươi trân châu đường đen trứng nướng,Tôi trà sữa một muốn
Lấy Tôi thêm đá cho hai ly cà phê trứng đá sữa.,Tôi cà-phê sữa hai đá muốn
Đem Tôi ba ly nước ép thơm và thêm giấy ăn.,Tôi nước ép cam ba giấy ăn muốn
Làm đem Tôi thêm một ly trà cam nha đam dâu.,Tôi trà dâu một muốn
Em muốn ba ly sữa tươi trân châu đường đen trứng nướng và thêm giấy ăn.,Tôi trà sữa  ba giấy ăn muốn
Cho giúp mình một nước ép cóc ít đá thôi.,mình nước ép cam một đá ít muốn
"Đem Tôi một ly cà phê sữa, một ly nước ép ổi, và giấy ăn.",Tôi cà-phê sữa một nước ép cóc một giấy ăn muốn
Đem em xin thêm ít giấy ăn nhé.,mình giấy ăn ít muốn
Mang cho Tôi một ly nước ép cóc và cảm ơn.,Tôi nước ép cam một muốn
Đem Tôi thêm một ly bạc xỉu đá sữa.,Tôi cà-phê sữa một muốn
"Đem Tôi bốn ly cà phê đen Sài Gòn phin sữa, thêm đá nhiều.",Tôi cà-phê sữa bốn đá nhiều muốn
Mình uống một nước ép thơm vừa thôi.,mình nước ép ổi một muốn
Mình gọi một ly trà hoa đậu biếc và một ly sữa chua kiwi nha đam.,Tôi trà hoa đậu biếc một sữa chua chanh dây một muốn
"Anh lấy một ly trà gừng hoa đậu biếc, không đường.",Tôi trà hoa đậu biếc một đường không muốn
Anh muốn ba ly nước ép cóc và một phích cắm.,Tôi nước ép thơm ba phích cắm muốn
Đem Tôi thêm một ly cà phê đen phin sữa.,Tôi cà-phê sữa một muốn
"Mang cho Tôi ba ly trà olong dâu vải xoài, thêm đường.",Tôi trà xoài ba đường muốn
"Anh muốn một ly matcha latte đen, ít đường thôi.",Tôi cà-phê đen một đường ít muốn
Lấy Mình mượn phích cắm,Tôi phích cắm muốn
Đem Anh thêm một cái muỗng.,Tôi muỗng một muốn
Mình muốn một ly nước ép cà rốt và thêm giấy ăn.,Tôi nước ép ổi một giấy ăn muốn
Anh muốn hai ly cà phê trứng nóng đen và cảm ơn.,Tôi cà-phê đen hai muốn
"Anh muốn ba ly nước ép thơm, thêm đá nhiều.",Tôi nước ép cóc ba đá nhiều muốn
Làm cho mình một nước chanh xí muội mát lạnh.,mình nước ép thơm một lạnh muốn
Anh muốn bốn ly cà phê muối sữa và thêm đường.,Tôi cà-phê sữa bốn đường muốn
Em gọi một ly trà hoa đậu biếc và một ly sữa chua cam nha đam.,Tôi trà hoa đậu biếc một sữa chua chanh dây một muốn
Làm đem Tôi thêm một ly nước ép cà chua.,Tôi nước ép ổi một muốn
Anh muốn ba ly trà lipton cam thảo nóng hoa đậu biếc.,Tôi trà hoa đậu biếc ba muốn
Lấy mình một ly nước ép cà chua không đá.,mình nước ép thơm một đá không muốn
Em muốn một ly cà phê đen và hai ly sữa chua cam nha đam.,Tôi cà-phê đen một sữa chua xoài hai muốn
"Em lấy một ly trà cam nha đam hoa đậu biếc, không đường.",Tôi trà hoa đậu biếc một đường không muốn
Cho cho Tôi một ly cà phê đen và một ly nước ép cà rốt.,Tôi cà-phê đen một nước ép thơm một muốn
Lấy mình một ly sữa tươi trân châu đường đen trứng nướng nha.,mình trà sữa một muốn
Đem Tôi thêm một ly sữa tươi trân châu đường đen trứng nướng.,Tôi trà sữa một muốn
Đem Mình mượn phích cắm,Tôi phích cắm muốn
Cho giúp mình một ly trà lipton cam thảo đá xoài ít đường.,mình trà xoài một đường ít muốn
"Em gọi hai ly cà phê đen, một ly sữa chua đào, và cảm ơn.",Tôi cà-phê đen hai sữa chua dâu một muốn
"Em muốn một ly trà đào cam sả đá hoa đậu biếc, làm nhanh.",Tôi trà hoa đậu biếc một muốn
Em muốn một ly cà phê đen Sài Gòn máy đen và thêm giấy ăn.,Tôi cà-phê đen một giấy ăn muốn
Đem Tôi một ly cà phê dừa đen không đường.,Tôi cà-phê đen một đường không muốn
Mang giúp mình một nước chanh hoa đậu biếc ít đá thôi.,mình nước ép cam một đá ít muốn
Mình muốn hai ly sữa chua chanh dây và một ly sữa chua dâu.,Tôi sữa chua xoài hai sữa chua dâu một muốn
Gọi giúp em một nước ép cam ít ngọt.,mình nước ép cóc một ngọt ít muốn
"Em gọi hai ly sữa tươi trân châu đường đen trứng nướng, thêm đá.",Tôi trà sữa hai đá muốn
Đem mình một hũ sữa chua việt quất nha.,mình sữa chua dâu một muốn
Anh lấy hai ly trà dâu và một ly sữa tươi trân châu đường đen trứng nướng.,Tôi trà dâu hai trà sữa một muốn
Đem Tôi thêm một ly trà cam quế mật ong nóng dâu,Tôi trà dâu một muốn
Anh muốn hai ly bạc xỉu đá đen và cảm ơn.,Tôi cà-phê đen hai muốn
Làm lấy Tôi một ly trà cam quế mật ong đá xoài,Tôi trà xoài một muốn
Em muốn bốn ly sữa chua kiwi nha đam và một phích cắm.,Tôi sữa chua chanh dây bốn phích cắm muốn
"Em lấy ba ly sữa chua xoài, làm nhanh giúp Tôi.",Tôi sữa chua dâu ba muốn
Làm đem Tôi một ly sữa chua kiwi nha đam,Tôi sữa chua chanh dây một muốn
Lấy mình một ly socala nóng đen đá.,mình cà-phê đen một muốn
Anh muốn ba ly trà đào cam sả nóng hoa đậu biếc.,Tôi trà hoa đậu biếc ba muốn
Làm lấy Tôi thêm một ly nước chanh xí muội.,Tôi nước ép ổi một muốn
Đem mình một nước ép cà chua không bỏ đường.,mình nước ép cóc một đường không muốn
Mình uống một cacao nóng sữa đá.,mình cà-phê sữa một đá muốn
"Đem Tôi năm ly nước ép ổi, mang ra nhanh giúp.",Tôi nước ép thơm năm muốn
Mình gọi một ly trà cam quế mật ong nóng dâu,Tôi trà dâu một muốn
Mình muốn một ly sữa chua chanh dây,Tôi sữa chua dâu một muốn
Làm lấy mình một phần sữa chua kiwi nha đam mát lạnh.,mình sữa chua chanh dây một lạnh muốn
"Đem Tôi bốn ly nước ép cam và một ly trà gừng, cảm ơn.",Tôi nước ép ổi bốn trà gừng một muốn
Đem Tôi thêm một ly trà lipton cam thảo nóng hoa đậu biếc.,Tôi trà hoa đậu biếc một muốn
Đem mình một nước chanh hoa đậu biếc không bỏ đường.,mình nước ép cóc một đường không muốn
Lấy Mình thêm một cái muỗng.,Tôi muỗng một muốn
Lấy tôi xin thêm ít giấy ăn nhé.,mình giấy ăn ít muốn
Cho cho Tôi một ly trà olong dâu vải nóng.,Tôi trà gừng một nóng muốn
Em gọi một ly nước ép ổi và hai ly sữa tươi trân châu đường đen kem trứng.,Tôi nước ép ổi một trà sữa hai muốn
Em muốn một ly nước ép thơm và một ly nước ép ổi.,Tôi nước ép cóc một nước ép ổi một muốn
Mình uống một cốc nước chanh hoa đậu biếc nguyên chất.,mình nước ép ổi một nguyên chất muốn
Mình order thử sữa tươi trân châu đường đen trứng nướng.,mình trà sữa một muốn
Mình uống một cacao đá sữa đá.,mình cà-phê sữa một đá muốn
Lấy Tôi thêm một ly trà thạch vải dâu,Tôi trà dâu một muốn
Em muốn một ly nước ép cà rốt và một ly nước ép ổi.,Tôi nước ép cóc một nước ép ổi một muốn
Lấy Tôi thêm một ly nước ép ổi.,Tôi nước ép thơm một muốn
Mình lấy hai ly trà dâu và một ly sữa tươi trân châu đường đen trứng nướng.,Tôi trà dâu hai trà sữa một muốn
Mình muốn một ly sữa chua xoài,Tôi sữa chua dâu một muốn
Mình muốn một ly trà lipton cam thảo đá và hai ly cà phê sữa.,Tôi trà gừng một cà-phê sữa hai muốn
Mình uống một cốc trà cam quế mật ong đá nóng.,mình trà gừng một nóng muốn
Làm lấy mình một ly americano đen không đường.,mình cà-phê đen một đường không muốn
Mình muốn một ly cà phê trứng đá sữa và một ly trà xoài.,Tôi cà-phê sữa một trà xoài một muốn
Em gọi thêm một cái ly nhỏ.,Tôi ly nhỏ một muốn
Mình uống một tách trà lipton cam thảo nóng nóng.,mình trà gừng một nóng muốn
Làm lấy Tôi thêm một ly nước ép cam.,Tôi nước ép ổi một muốn
Mình chọn một phần trà cam nha đam dâu nha.,mình trà dâu một muốn
Mình gọi hai ly cà phê trứng nóng sữa ít đá nhé.,Tôi cà-phê sữa hai đá ít muốn
Chuẩn bị cho mình một nước ép cam mát lạnh.,mình nước ép thơm một lạnh muốn
Làm lấy Tôi một ly trà thạch vải xoài,Tôi trà xoài một muốn
"Đem Tôi hai ly nước ép thơm, ít ngọt.",Tôi nước ép ổi hai ngọt ít muốn
Mình gọi một phần sữa chua kiwi nha đam.,mình sữa chua xoài một muốn
"Em muốn một ly nước ép cam, một ly trà gừng, và một ly sữa chua việt quất.",Tôi nước ép cam một trà gừng một sữa chua xoài một muốn
Mình muốn hai ly trà đào cam sả nóng xoài và thêm đá.,Tôi trà xoài hai đá muốn
Mình muốn bốn ly bạc xỉu nóng sữa và thêm đường.,Tôi cà-phê sữa bốn đường muốn
Em muốn bốn ly sữa chua đào và một phích cắm.,Tôi sữa chua chanh dây bốn phích cắm muốn
Mình muốn hai ly sữa tươi trân châu đường đen trứng nướng.,Tôi trà sữa  hai muốn
"Em muốn một ly trà dâu và một ly cà phê kem caramel sữa, ít đá.",Tôi trà dâu một cà-phê sữa một đá ít muốn
Mình muốn một ly cà phê muối sữa và một ly trà xoài.,Tôi cà-phê sữa một trà xoài một muốn
Mình chọn sữa chua việt quất thêm topping trân châu.,mình sữa chua xoài một trân châu muốn
Làm đem Tôi một ly nước chanh hoa đậu biếc,Tôi nước ép cóc một muốn
Mình muốn một ly sữa tươi trân châu đường đen trứng nướng,Tôi trà sữa  một muốn
Anh muốn một ly nước chanh xí muội và thêm giấy ăn.,Tôi nước ép ổi một giấy ăn muốn
"Em gọi hai ly sữa chua cam nha đam, một ly cà phê đen, và một phích cắm.",Tôi sữa chua xoài hai cà-phê đen một phích cắm muốn
Em gọi một ly nước ép ổi và hai ly sữa tươi trân châu đường đen trứng nướng.,Tôi nước ép ổi một trà sữa hai muốn
Mình gọi hai ly cà phê dừa sữa ít đá nhé.,Tôi cà-phê sữa hai đá ít muốn
Làm đem Tôi một ly sữa chua dâu,Tôi sữa chua chanh dây một muốn
Đem Tôi một ly trà olong dâu vải dâu và thêm giấy ăn.,Tôi trà dâu một giấy ăn muốn
Mình lấy hai ly trà dâu và một ly sữa tươi trân châu đường đen kem trứng.,Tôi trà dâu hai trà sữa một muốn
Cắm giùm tôi cái sạc vào phích cắm kia với.,mình sạc phích cắm muốn
Làm đem Tôi thêm một ly cà phê dừa sữa.,Tôi cà-phê sữa một muốn
Em muốn một ly nước chanh hoa đậu biếc và hai ly nước ép cam.,Tôi nước ép thơm một nước ép cam hai muốn
Mình muốn một ly cà phê trứng nóng sữa và một ly trà xoài.,Tôi cà-phê sữa một trà xoài một muốn
Đem Em mượn phích cắm,Tôi phích cắm muốn
Đem Tôi một ly sữa chua kiwi nha đam,Tôi sữa chua xoài một muốn
Em lấy hai ly sữa chua đào và một ly trà gừng.,Tôi sữa chua xoài hai trà gừng một muốn
"Đem Tôi một ly sữa chua xoài, không đường.",Tôi sữa chua dâu một đường không muốn
Anh gọi một ly trà vải cam sả,Tôi trà gừng một muốn
Làm đem mình một ly trà đào cam sả nóng dâu size lớn.,mình trà dâu một lớn muốn
Em gọi một ly trà thạch sữa đào dâu,Tôi trà dâu một muốn
"Đem Tôi một ly sữa tươi trân châu đường đen kem trứng, không ngọt lắm.",Tôi trà sữa một ngọt ít muốn
"Mình muốn thêm đường cho ba ly trà vải cam sả dâu, cảm ơn.",Tôi trà dâu ba đường muốn
Mình muốn một ly nước ép cóc và hai ly nước ép cam.,Tôi nước ép thơm một nước ép cam hai muốn
Em lấy hai ly sữa chua chanh dây và một ly trà gừng.,Tôi sữa chua xoài hai trà gừng một muốn
"Mang cho Tôi ba ly trà cam quế mật ong đá xoài, thêm đường.",Tôi trà xoài ba đường muốn
Làm lấy Tôi thêm một ly socola đá sữa.,Tôi cà-phê sữa một muốn
Em muốn hai ly trà cam nha đam xoài và thêm đá.,Tôi trà xoài hai đá muốn
Đem Tôi một ly trà hoa đậu biếc và ba ly nước ép cóc.,Tôi trà hoa đậu biếc một nước ép cam ba muốn
Anh muốn hai ly trà cam nha đam xoài và thêm đá.,Tôi trà xoài hai đá muốn
Mình muốn một ly trà lipton cam thảo nóng và hai ly cà phê sữa.,Tôi trà gừng một cà-phê sữa hai muốn
"Em lấy ba ly sữa chua kiwi nha đam, làm nhanh giúp Tôi.",Tôi sữa chua dâu ba muốn
Mình uống một nước ép cam vừa thôi.,mình nước ép ổi một muốn
"Lấy Tôi một ly sữa tươi trân châu đường đen kem trứng, không ngọt lắm.",Tôi trà sữa một ngọt ít muốn
"Đem Tôi một ly sữa tươi trân châu đường đen trứng nướng, không ngọt lắm.",Tôi trà sữa một ngọt ít muốn
Mình muốn bốn ly sữa chua kiwi nha đam và một phích cắm.,Tôi sữa chua chanh dây bốn phích cắm muốn
Mình muốn ba ly trà cam quế mật ong đá dâu và thêm đường một chút.,Tôi trà dâu ba đường ít muốn
Làm đem Tôi thêm một ly americano sữa.,Tôi cà-phê sữa một muốn
Làm cho mình một ly nước ép cà chua không đường.,mình nước ép cam một đường không muốn
"Anh muốn một ly trà cam nha đam hoa đậu biếc, làm nhanh.",Tôi trà hoa đậu biếc một muốn
Mình uống một cà phê đen Sài Gòn phin sữa đá.,mình cà-phê sữa một đá muốn
Mình muốn một ly nước ép thơm,Tôi nước ép ổi một muốn
"Em gọi hai ly cà phê đen, một ly sữa chua chanh dây, và cảm ơn.",Tôi cà-phê đen hai sữa chua dâu một muốn
Mình muốn gọi thêm một ly sữa chua việt quất.,Tôi sữa chua chanh dây một muốn
"Em muốn một ly nước ép cà chua, một ly trà xoài, và thêm đá.",Tôi nước ép thơm một trà xoài một đá muốn
Đem mình một ly cà phê trứng đá đen đá.,mình cà-phê đen một muốn
Mang cho Tôi một ly cà phê đen và một ly nước chanh hoa đậu biếc.,Tôi cà-phê đen một nước ép thơm một muốn
Mình gọi gọi một cà phê dừa sữa nóng.,mình cà-phê sữa một nóng muốn
"Lấy Tôi hai ly nước ép cà rốt, ít ngọt.",Tôi nước ép ổi hai ngọt ít muốn
Lấy Tôi một ly trà hoa đậu biếc và ba ly nước ép ổi.,Tôi trà hoa đậu biếc một nước ép cam ba muốn
"Anh muốn một ly trà hoa đậu biếc, hai ly nước chanh xí muội, và một phích cắm.",Tôi trà hoa đậu biếc một nước ép ổi hai phích cắm muốn
Đem Anh một ít khăn giấy.,Tôi khăn giấy ít muốn
Lấy Tôi một ly sữa chua dâu,Tôi sữa chua xoài một muốn
"Anh gọi ba ly sữa tươi trân châu đường đen kem trứng, ít đá.",Tôi trà sữa ba đá ít muốn
Mình muốn ba ly nước ép ổi và một phích cắm.,Tôi nước ép thơm ba phích cắm muốn
Anh gọi một cốc nước cam,Tôi nước ép cam một muốn
Đem Tôi hai ly trà xoài và một ly nước chanh xí muội.,Tôi trà xoài hai nước ép cam một muốn
"Lấy Tôi bốn ly nước ép cam và một ly trà gừng, cảm ơn.",Tôi nước ép ổi bốn trà gừng một muốn
Mình muốn một ly cà phê đen máy đen và thêm giấy ăn.,Tôi cà-phê đen một giấy ăn muốn
"Đem Tôi năm ly nước ép cà rốt, mang ra nhanh giúp.",Tôi nước ép thơm năm muốn
"Đem Tôi bốn ly nước chanh hoa đậu biếc và một ly trà gừng, cảm ơn.",Tôi nước ép ổi bốn trà gừng một muốn
Mình uống một nước chanh hoa đậu biếc vừa thôi.,mình nước ép ổi một muốn
"Lấy Tôi hai ly cà phê đen phin đen và một ly trà xoài, cảm ơn.",Tôi cà-phê đen hai trà xoài một muốn
Mình uống một trà thạch sữa đào hoa đậu biếc nhé.,mình trà hoa đậu biếc một muốn
Anh cảm ơn bạn,Tôi cảm ơn
"Anh muốn một ly trà hoa đậu biếc, hai ly nước chanh hoa đậu biếc, và một phích cắm.",Tôi trà hoa đậu biếc một nước ép ổi hai phích cắm muốn
Mang cho Tôi một ly trà olong dâu vải nóng.,Tôi trà gừng một nóng muốn
Cho cho Tôi một ly trà cam quế mật ong đá nóng.,Tôi trà gừng một nóng muốn
Em lấy thêm một cái ly nhỏ.,Tôi ly nhỏ một muốn
Làm cho mình một nước chanh hoa đậu biếc mát lạnh.,mình nước ép thơm một lạnh muốn
"Đem Tôi hai ly nước chanh hoa đậu biếc, ít ngọt.",Tôi nước ép ổi hai ngọt ít muốn
Cho cho Tôi một ly nước ép ổi và cảm ơn.,Tôi nước ép cam một muốn
Mình muốn ba ly trà cam quế mật ong nóng dâu và thêm đường một chút.,Tôi trà dâu ba đường ít muốn
Đem Anh thêm một cái ống hút.,Tôi ống hút một muốn
Em gọi hai ly sữa chua việt quất và một ly cà phê đen.,Tôi sữa chua xoài hai cà-phê đen một muốn
Cho cho mình một ly trà lipton cam thảo nóng hoa đậu biếc đẹp đẹp nhé.,mình trà hoa đậu biếc một muốn
Mình muốn năm ly sữa tươi trân châu đường đen trứng nướng.,Tôi trà sữa năm muốn
Anh muốn thêm một ly nước ép cóc.,Tôi nước ép cam một muốn
"Lấy Tôi năm ly nước ép cam, mang ra nhanh giúp.",Tôi nước ép thơm năm muốn
Cho giúp em một tờ giấy ăn.,mình giấy ăn một muốn
Làm đem mình một phần sữa chua đào mát lạnh.,mình sữa chua chanh dây một lạnh muốn
"Mình muốn một ly americano đen, ít đường thôi.",Tôi ly một cà phê đen đường ít muốn
"Đem Tôi bốn ly socala nóng sữa, thêm đá nhiều.",Tôi cà-phê sữa bốn đá nhiều muốn
Anh lấy thêm một cái ly nhỏ.,Tôi ly nhỏ một muốn
Em muốn thêm một ly nước ép cà chua.,Tôi nước ép cam một muốn
"Anh muốn một ly trà dâu và một ly capuchino sữa, ít đá.",Tôi trà dâu một cà-phê sữa một đá ít muốn
Cắm giùm em cái sạc vào phích cắm kia với.,mình sạc phích cắm muốn
Làm lấy mình một ly trà gừng dâu size lớn.,mình trà dâu một lớn muốn
"Mình muốn một ly cacao nóng sữa, ít đá, và thêm giấy ăn.",Tôi cà-phê sữa một đá ít giấy ăn muốn
Lấy Anh mượn phích cắm.,Tôi phích cắm muốn
Em gọi một ly trà hoa đậu biếc và một ly sữa chua đào.,Tôi trà hoa đậu biếc một sữa chua chanh dây một muốn
"Anh gọi ba ly sữa tươi trân châu đường đen trứng nướng, ít đá.",Tôi trà sữa ba đá ít muốn
Mình chọn một phần trà thạch vải dâu nha.,mình trà dâu một muốn
Đem Anh mượn phích cắm.,Tôi phích cắm muốn
Anh lấy một ly nước ép cóc và một phích cắm.,Tôi nước ép thơm một phích cắm muốn
Lấy Tôi thêm một ly nước chanh hoa đậu biếc.,Tôi nước ép thơm một muốn
Anh muốn một ly cà phê đen và hai ly sữa chua chanh dây.,Tôi cà-phê đen một sữa chua xoài hai muốn
Lấy Tôi một ly sữa chua việt quất,Tôi sữa chua xoài một muốn
Anh muốn ba ly sữa chua kiwi nha đam.,Tôi sữa chua chanh dây ba muốn
Mình lấy một ly nước ép cam và một phích cắm.,Tôi nước ép thơm một phích cắm muốn
Làm lấy mình một phần sữa chua đào mát lạnh.,mình sữa chua chanh dây một lạnh muốn
Mình lấy mượn phích cắm điện để sạc máy.,mình phích cắm muốn
Em muốn ba ly nước ép cóc và một phích cắm.,Tôi nước ép thơm ba phích cắm muốn
Làm đem Tôi một ly sữa chua cam nha đam,Tôi sữa chua chanh dây một muốn
Em lấy hai ly trà dâu và một ly sữa tươi trân châu đường đen kem trứng.,Tôi trà dâu hai trà sữa một muốn
"Mình muốn một ly nước ép cam, một ly trà gừng, và một ly sữa chua cam nha đam.",Tôi nước ép cam một trà gừng một sữa chua xoài một muốn
Mình muốn một ly nước ép cam,Tôi nước ép ổi một muốn
Mình uống một cốc nước chanh xí muội nguyên chất.,mình nước ép ổi một nguyên chất muốn
Cho giúp mình một ly trà gừng xoài ít đường.,mình trà xoài một đường ít muốn
Mình muốn ba ly trà thạch vải dâu và thêm đường một chút.,Tôi trà dâu ba đường ít muốn
Em gọi hai ly sữa chua chanh dây và một ly cà phê đen.,Tôi sữa chua xoài hai cà-phê đen một muốn
Em lấy lấy thêm giấy ăn,Tôi giấy ăn muốn
Anh muốn hai ly sữa chua kiwi nha đam và một ly sữa chua dâu.,Tôi sữa chua xoài hai sữa chua dâu một muốn
"Em lấy ba ly trà thạch sữa đào, để nóng nhé.",Tôi trà gừng nóng ba muốn
Anh gọi hai ly sữa chua dâu và một ly cà phê đen.,Tôi sữa chua xoài hai cà-phê đen một muốn
Lấy Tôi thêm một ly socola đá đen.,Tôi cà-phê đen một muốn
"Lấy Tôi bốn ly americano sữa, thêm đá nhiều.",Tôi cà-phê sữa bốn đá nhiều muốn
Làm đem Tôi thêm một ly nước ép cà rốt.,Tôi nước ép ổi một muốn
"Em lấy ba ly sữa chua cam nha đam, làm nhanh giúp Tôi.",Tôi sữa chua dâu ba muốn
"Lấy Tôi một ly cà phê sữa, một ly nước chanh hoa đậu biếc, và giấy ăn.",Tôi cà-phê sữa một nước ép cóc một giấy ăn muốn
"Em muốn ba ly nước ép cam, thêm đá nhiều.",Tôi nước ép cóc ba đá nhiều muốn
Mình muốn một ly capuchino sữa,Tôi cà-phê sữa một muốn
Lấy Anh thêm ít giấy ăn,Tôi giấy ăn muốn
Anh muốn ba ly sữa tươi trân châu đường đen trứng nướng và thêm giấy ăn.,Tôi trà sữa  ba giấy ăn muốn
"Mình muốn ba ly nước ép thơm, thêm đá nhiều.",Tôi nước ép cóc ba đá nhiều muốn
Lấy Tôi thêm một ly socala nóng đen.,Tôi cà-phê đen một muốn
Mình muốn bốn ly trà lipton cam thảo đá dâu.,Tôi trà dâu bốn muốn
Gọi giúp em một nước ép cà chua ít ngọt.,mình nước ép cóc một ngọt ít muốn
Cho giúp mình một nước chanh hoa đậu biếc ít đá thôi.,mình nước ép cam một đá ít muốn
Làm lấy mình một ly trà olong dâu vải dâu size lớn.,mình trà dâu một lớn muốn
Đem Tôi một ly nước chanh hoa đậu biếc,Tôi nước ép thơm một muốn
Anh muốn một ly cà phê đen Sài Gòn phin sữa,Tôi cà-phê sữa một muốn
Lấy Tôi thêm một ly cacao muốn sữa.,Tôi cà-phê sữa một muốn
Mình order một phần sữa chua cam nha đam.,mình sữa chua xoài một muốn
Lấy Tôi hai ly trà xoài và một ly nước ép cà chua.,Tôi trà xoài hai nước ép cam một muốn
"Mình muốn bốn ly sữa tươi trân châu đường đen trứng nướng, ít ngọt.",Tôi trà sữa  bốn ngọt ít muốn
Lấy Tôi thêm một ly sữa tươi trân châu đường đen kem trứng.,Tôi trà sữa một muốn
Mình muốn gọi thêm một ly trà gừng xoài.,Tôi trà xoài một muốn
"Em muốn một ly nước ép cà rốt, một ly trà xoài, và thêm đá.",Tôi nước ép thơm một trà xoài một đá muốn
"Lấy mình trà đào cam sả nóng xoài, ít đá.",mình trà xoài một đá ít muốn
Anh muốn một ly sữa chua đào,Tôi sữa chua dâu một muốn
"Mình muốn một ly cà phê trứng nóng đen, ít đường thôi.",Tôi ly một cà phê đen đường ít muốn
Mình chọn một phần trà lipton cam thảo nóng dâu nha.,mình trà dâu một muốn
Anh muốn gọi thêm một ly trà vải cam sả.,Tôi trà gừng một muốn
"Em gọi hai ly sữa chua kiwi nha đam, một ly cà phê đen, và một phích cắm.",Tôi sữa chua xoài hai cà-phê đen một phích cắm muốn
Em cần một cái ống hút.,Tôi ống hút một muốn
Lấy mình một ly nước ép cóc không đá.,mình nước ép thơm một đá không muốn
Em gọi một tách nước cam,Tôi nước ép cam một muốn
Mình lấy một phần sữa chua dâu.,mình sữa chua xoài một muốn
Mình muốn một ly sữa chua cam nha đam,Tôi sữa chua dâu một muốn
Lấy Tôi một ly cà phê đen máy đen,Tôi cà-phê đen một muốn
Mình lấy một ly nước ép ổi và một phích cắm.,Tôi nước ép thơm một phích cắm muốn
Mình gọi hai ly sữa chua việt quất và một ly cà phê đen.,Tôi sữa chua xoài hai cà-phê đen một muốn
Anh muốn một ly nước ép cam,Tôi nước ép ổi một muốn
Mình uống một trà đào cam sả đá hoa đậu biếc nhé.,mình trà hoa đậu biếc một muốn
Anh gọi một ly trà olong dâu vải dâu,Tôi trà dâu một muốn
Em muốn bốn ly sữa chua việt quất và một phích cắm.,Tôi sữa chua chanh dây bốn phích cắm muốn
Đem Tôi thêm một ly sữa chua việt quất.,Tôi sữa chua xoài một muốn
"Em muốn thêm đường cho ba ly trà lipton cam thảo đá dâu, cảm ơn.",Tôi trà dâu ba đường muốn
Lấy Tôi thêm một ly trà lipton cam thảo nóng dâu,Tôi trà dâu một muốn
Mình uống một nước ép cóc vừa thôi.,mình nước ép ổi một muốn
Mình order mượn phích cắm.,Tôi phích cắm muốn
"Mình muốn một ly trà thạch vải hoa đậu biếc, làm nhanh.",Tôi trà hoa đậu biếc một muốn
Mình muốn một ly cà phê đen và hai ly sữa chua đào.,Tôi cà-phê đen một sữa chua xoài hai muốn
Mình muốn một ly trà olong dâu vải và hai ly cà phê sữa.,Tôi trà gừng một cà-phê sữa hai muốn
Em muốn một ly cà phê trứng nóng đen và thêm giấy ăn.,Tôi cà-phê đen một giấy ăn muốn
"Đem Tôi hai ly americano đen và một ly trà xoài, cảm ơn.",Tôi cà-phê đen hai trà xoài một muốn
Anh order thêm giấy ăn và một phích cắm.,Tôi giấy ăn phích cắm muốn
Làm cho mình một ly nước ép thơm không đường.,mình nước ép cam một đường không muốn
"Anh muốn một ly nước ép cam, một ly trà gừng, và một ly sữa chua việt quất.",Tôi nước ép cam một trà gừng một sữa chua xoài một muốn
Đem Em thêm một cái muỗng.,Tôi muỗng một muốn
Cho cho Tôi một ly nước ép cóc và cảm ơn.,Tôi nước ép cam một muốn
"Đem Tôi hai ly sữa tươi trân châu đường đen trứng nướng, thêm đường.",Tôi trà sữa  hai đường muốn
Đem Tôi thêm một ly trà cam nha đam dâu,Tôi trà dâu một muốn
"Mình lấy ba ly sữa chua kiwi nha đam, làm nhanh giúp Tôi.",Tôi sữa chua dâu ba muốn
"Anh gọi hai ly sữa chua kiwi nha đam, một ly cà phê đen, và một phích cắm.",Tôi sữa chua xoài hai cà-phê đen một phích cắm muốn
Đem mình một ly sữa tươi trân châu đường đen trứng nướng nha.,mình trà sữa một muốn
Anh gọi hai ly trà hoa đậu biếc và một ly sữa chua dâu.,Tôi trà hoa đậu biếc hai sữa chua chanh dây một muốn
Anh muốn một ly sữa tươi trân châu đường đen trứng nướng,Tôi trà sữa  một muốn
Làm cho mình một ly nước ép cóc không đường.,mình nước ép cam một đường không muốn
Mình uống một trà lipton cam thảo đá hoa đậu biếc nhé.,mình trà hoa đậu biếc một muốn
Em muốn một ly cà phê moca sữa và một ly trà xoài.,Tôi cà-phê sữa một trà xoài một muốn
Đem Tôi thêm một ly sữa chua đào.,Tôi sữa chua xoài một muốn
Đem Tôi thêm một ly cà phê trứng nóng đen.,Tôi cà-phê đen một muốn
"Lấy Tôi hai ly sữa tươi trân châu đường đen trứng nướng, thêm đường.",Tôi trà sữa  hai đường muốn
"Mình gọi hai ly cà phê đen, một ly sữa chua kiwi nha đam, và cảm ơn.",Tôi cà-phê đen hai sữa chua dâu một muốn
Mình gọi một cốc nước cam,Tôi nước ép cam một muốn
Làm đem mình một ly trà vải cam sả dâu size lớn.,mình trà dâu một lớn muốn
Em muốn thêm một ly trà lipton cam thảo nóng nóng.,Tôi trà gừng một nóng muốn
Anh muốn hai ly nước chanh xí muội và một phích cắm gần bàn.,Tôi nước ép cóc hai phích cắm muốn
Mình muốn hai ly trà đào cam sả đá xoài và thêm đá.,Tôi trà xoài hai đá muốn
"Anh muốn bốn ly sữa chua dâu, làm lạnh.",Tôi sữa chua chanh dây bốn lạnh muốn
Anh gọi một ly trà cam quế mật ong đá dâu,Tôi trà dâu một muốn
Anh muốn hai ly sữa chua việt quất và một ly sữa chua dâu.,Tôi sữa chua xoài hai sữa chua dâu một muốn
Làm đem Tôi một ly trà vải cam sả xoài,Tôi trà xoài một muốn
Mình muốn một ly sữa chua xoài và một ly trà dâu.,sữa chua dâu một trà dâu một muốn
"Đem Tôi một ly cà phê sữa, một ly nước ép cà rốt, và giấy ăn.",Tôi cà-phê sữa một nước ép cóc một giấy ăn muốn
Lấy Tôi thêm đá cho hai ly cà phê đen Sài Gòn máy sữa.,Tôi cà-phê sữa hai đá muốn
Anh lấy hai ly sữa chua cam nha đam và một ly trà gừng.,Tôi sữa chua xoài hai trà gừng một muốn
Đem Em một ít khăn giấy.,Tôi khăn giấy ít muốn
Anh cần một cái ống hút.,Tôi ống hút một muốn
Lấy Tôi một ly trà lipton cam thảo nóng dâu và thêm giấy ăn.,Tôi trà dâu một giấy ăn muốn
Lấy Tôi một ly cà phê đen máy đen không đường.,Tôi cà-phê đen một đường không muốn
Mình muốn hai ly nước ép cà rốt và một phích cắm gần bàn.,Tôi nước ép cóc hai phích cắm muốn
"Mình muốn bốn ly sữa chua xoài, làm lạnh.",Tôi sữa chua chanh dây bốn lạnh muốn
"Lấy Tôi một ly sữa chua kiwi nha đam, không đường.",Tôi sữa chua dâu một đường không muốn
Mình lấy gọi một cacao nóng sữa nóng.,mình cà-phê sữa một nóng muốn
Đem Tôi một ly nước ép cóc,Tôi nước ép thơm một muốn
Anh muốn ba ly trà cam quế mật ong đá dâu và thêm đường một chút.,Tôi trà dâu ba đường ít muốn
Lấy Tôi hai ly trà xoài và một ly nước ép thơm.,Tôi trà xoài hai nước ép cam một muốn
Lấy mình một nước chanh xí muội không bỏ đường.,mình nước ép cóc một đường không muốn
Em muốn ba ly sữa chua việt quất.,Tôi sữa chua chanh dây ba muốn
Đem Tôi một ly trà hoa đậu biếc và ba ly nước ép cà chua.,Tôi trà hoa đậu biếc một nước ép cam ba muốn
Lấy mình một ly sữa tươi trân châu đường đen kem trứng nha.,mình trà sữa một muốn
"Đem mình trà lipton cam thảo đá xoài, ít đá.",mình trà xoài một đá ít muốn
Chuẩn bị cho mình một nước ép cà rốt mát lạnh.,mình nước ép thơm một lạnh muốn
Anh muốn ba ly nước ép ổi và một phích cắm.,Tôi nước ép thơm ba phích cắm muốn
Em muốn một ly cà phê đen và hai ly sữa chua chanh dây.,Tôi cà-phê đen một sữa chua xoài hai muốn
Em muốn gọi thêm một ly sữa chua dâu.,Tôi sữa chua chanh dây một muốn
Mình uống một cà phê trứng đá sữa đá.,mình cà-phê sữa một đá muốn
Làm đem mình một ly socola đá đen không đường.,mình cà-phê đen một đường không muốn
Làm lấy Tôi một ly trà đào cam sả nóng xoài,Tôi trà xoài một muốn
Đem Tôi thêm một ly sữa chua cam nha đam.,Tôi sữa chua dâu một muốn
"Lấy Tôi một ly sữa tươi trân châu đường đen trứng nướng, không ngọt lắm.",Tôi trà sữa một ngọt ít muốn
"Đem Tôi năm ly nước ép cam, mang ra nhanh giúp.",Tôi nước ép thơm năm muốn
Em muốn gọi thêm một ly trà thạch sữa đào xoài.,Tôi trà xoài một muốn
"Mình muốn một ly trà dâu và một ly cacao nóng sữa, ít đá.",Tôi trà dâu một cà-phê sữa một đá ít muốn
Mang cho Tôi một ly cà phê đen và một ly nước ép cóc.,Tôi cà-phê đen một nước ép thơm một muốn
Em muốn gọi thêm một ly sữa chua đào.,Tôi sữa chua chanh dây một muốn
Đem Tôi thêm đá cho hai ly socala nóng sữa.,Tôi cà-phê sữa hai đá muốn
Mình gọi một ly nước ép ổi và hai ly sữa tươi trân châu đường đen trứng nướng.,Tôi nước ép ổi một trà sữa hai muốn
Anh muốn thêm một ly nước chanh xí muội.,Tôi nước ép cam một muốn
Mình muốn hai ly cà phê moca đen.,Tôi cà-phê đen hai muốn
Đem Tôi một ly trà hoa đậu biếc và ba ly nước ép ổi.,Tôi trà hoa đậu biếc một nước ép cam ba muốn
Em muốn hai ly nước chanh hoa đậu biếc và một phích cắm gần bàn.,Tôi nước ép cóc hai phích cắm muốn
Lấy mình một nước ép cam không bỏ đường.,mình nước ép cóc một đường không muốn
Mình uống một cốc nước ép thơm nguyên chất.,mình nước ép ổi một nguyên chất muốn
Anh muốn hai ly socala nóng đen.,Tôi cà-phê đen hai muốn
"Em muốn một ly cà phê đen Sài Gòn máy sữa, ít đá, và thêm giấy ăn.",Tôi cà-phê sữa một đá ít giấy ăn muốn
Mình muốn gọi thêm một ly trà đào cam sả đá.,Tôi trà gừng một muốn
Em order thêm giấy ăn và một phích cắm.,Tôi giấy ăn phích cắm muốn
Đem mình một ly cacao muốn đen đá.,mình cà-phê đen một muốn
"Anh muốn một ly cà phê đen máy đen, ít đường thôi.",Tôi cà-phê đen một đường ít muốn
"Anh muốn ba ly nước ép ổi, thêm đá nhiều.",Tôi nước ép cóc ba đá nhiều muốn
Anh muốn thêm một ly trà vải cam sả nóng.,Tôi trà gừng một nóng muốn
Lấy Tôi một ly sữa tươi trân châu đường đen kem trứng,Tôi trà sữa một muốn
Mình gọi thử sữa tươi trân châu đường đen trứng nướng.,mình trà sữa một muốn
Làm lấy Tôi thêm một ly trà cam quế mật ong nóng dâu.,Tôi trà dâu một muốn
Anh lấy một ly nước chanh hoa đậu biếc và một phích cắm.,Tôi nước ép thơm một phích cắm muốn
Làm đem mình một ly cà phê dừa đen không đường.,mình cà-phê đen một đường không muốn
Đem Tôi thêm một ly trà đào cam sả nóng hoa đậu biếc.,Tôi trà hoa đậu biếc một muốn
Lấy Tôi một ly cà phê kem caramel đen,Tôi cà-phê đen một muốn
Mình muốn bốn ly trà đào cam sả nóng dâu.,Tôi trà dâu bốn muốn
Mang cho mình một ly trà thạch sữa đào hoa đậu biếc đẹp đẹp nhé.,mình trà hoa đậu biếc một muốn
Anh muốn một ly sữa chua đào và một ly trà dâu.,sữa chua dâu một trà dâu một muốn
Mình gọi một ly trà hoa đậu biếc và một ly sữa chua việt quất.,Tôi trà hoa đậu biếc một sữa chua chanh dây một muốn
Đem Tôi một ly americano đen không đường.,Tôi cà-phê đen một đường không muốn
"Anh muốn bốn ly sữa tươi trân châu đường đen trứng nướng, ít ngọt.",Tôi trà sữa  bốn ngọt ít muốn
Em muốn hai ly cà phê đen Sài Gòn phin đen.,Tôi cà-phê đen hai muốn
"Anh muốn một ly bạc xỉu nóng đen, ít đường thôi.",Tôi cà-phê đen một đường ít muốn
Lấy mình một ly nước ép cam không đá.,mình nước ép thơm một đá không muốn
Mình cần một cái ống hút.,Tôi ống hút một muốn
Anh muốn một ly sữa chua việt quất và một ly trà dâu.,sữa chua dâu một trà dâu một muốn
"Em gọi ba ly sữa tươi trân châu đường đen trứng nướng, ít đá.",Tôi trà sữa ba đá ít muốn
Mình lấy mượn phích cắm.,Tôi phích cắm muốn
"Mình lấy ba ly trà lipton cam thảo nóng, để nóng nhé.",Tôi trà gừng nóng ba muốn
Mình cảm ơn bạn,Tôi cảm ơn
Em muốn năm ly sữa tươi trân châu đường đen trứng nướng.,Tôi trà sữa năm muốn
"Mình muốn thêm đường cho ba ly trà lipton cam thảo nóng dâu, cảm ơn.",Tôi trà dâu ba đường muốn
Em order lấy thêm giấy ăn,Tôi giấy ăn muốn
Anh muốn bốn ly cacao muốn sữa và thêm đường.,Tôi cà-phê sữa bốn đường muốn
Mang giúp tôi một tờ giấy ăn.,mình giấy ăn một muốn
"Em muốn một ly cacao nóng sữa, ít đá, và thêm giấy ăn.",Tôi cà-phê sữa một đá ít giấy ăn muốn
Đem Em thêm ít giấy ăn,Tôi giấy ăn muốn
Mình uống một tách trà cam nha đam nóng.,mình trà gừng một nóng muốn
Mình order gọi một cà phê đen Sài Gòn máy sữa nóng.,mình cà-phê sữa một nóng muốn
Anh muốn bốn ly trà cam quế mật ong đá dâu.,Tôi trà dâu bốn muốn
Anh muốn gọi thêm một ly trà đào chanh leo.,Tôi trà gừng một muốn
Làm lấy Tôi một ly nước ép thơm,Tôi nước ép cóc một muốn
Mình gọi mượn phích cắm điện để sạc máy.,mình phích cắm muốn
Anh gọi hai ly cà phê đen máy sữa ít đá nhé.,Tôi cà-phê sữa hai đá ít muốn
Mình lấy lấy thêm giấy ăn,Tôi giấy ăn muốn
Cho cho mình một ly trà lipton cam thảo đá hoa đậu biếc đẹp đẹp nhé.,mình trà hoa đậu biếc một muốn
"Cho cho Tôi ba ly trà cam quế mật ong đá xoài, thêm đường.",Tôi trà xoài ba đường muốn
Anh muốn gọi thêm một ly trà cam nha đam xoài.,Tôi trà xoài một muốn
Đem Tôi thêm một ly nước ép cóc.,Tôi nước ép thơm một muốn
Anh cần thêm một cái muỗng.,Tôi muỗng một muốn
Đem Mình mượn phích cắm.,Tôi phích cắm muốn
Mình lấy thử sữa tươi trân châu đường đen trứng nướng.,mình trà sữa một muốn
"Đem mình trà cam quế mật ong nóng xoài, ít đá.",mình trà xoài một đá ít muốn
Làm đem mình một ly cà phê đen phin đen không đường.,mình cà-phê đen một đường không muốn
Anh muốn một ly trà đào chanh leo và hai ly cà phê sữa.,Tôi trà gừng một cà-phê sữa hai muốn
Em gọi hai ly trà hoa đậu biếc và một ly sữa chua xoài.,Tôi trà hoa đậu biếc hai sữa chua chanh dây một muốn
Em muốn thêm một ly nước ép ổi.,Tôi nước ép cam một muốn
Lấy Em một ít khăn giấy.,Tôi khăn giấy ít muốn
Mình gọi thêm giấy ăn và một phích cắm.,Tôi giấy ăn phích cắm muốn
Đem Tôi một ly cacao muốn đen không đường.,Tôi cà-phê đen một đường không muốn
Em muốn một ly nước ép cam và hai ly nước ép cam.,Tôi nước ép thơm một nước ép cam hai muốn
Cho giúp tôi một tờ giấy ăn.,mình giấy ăn một muốn
Mình uống một tách trà olong dâu vải nóng.,mình trà gừng một nóng muốn
"Đem Tôi bốn ly cà phê trứng đá sữa, thêm đá nhiều.",Tôi cà-phê sữa bốn đá nhiều muốn
Lấy Tôi ba ly sữa chua dâu và một phích cắm gần cửa.,Tôi sữa chua chanh dây ba phích cắm muốn
Mang giúp mình một ly trà lipton cam thảo đá xoài ít đường.,mình trà xoài một đường ít muốn
"Lấy Tôi hai ly cà phê dừa đen và một ly trà xoài, cảm ơn.",Tôi cà-phê đen hai trà xoài một muốn
Mình cần thêm một cái muỗng.,Tôi muỗng một muốn
Cho giúp mình một ly trà cam quế mật ong đá xoài ít đường.,mình trà xoài một đường ít muốn
"Lấy Tôi một ly sữa chua chanh dây, không đường.",Tôi sữa chua dâu một đường không muốn
Em muốn gọi thêm một ly trà vải cam sả xoài.,Tôi trà xoài một muốn
"Em lấy một ly trà lipton cam thảo đá hoa đậu biếc, không đường.",Tôi trà hoa đậu biếc một đường không muốn
Mình muốn hai ly nước ép ổi và một phích cắm gần bàn.,Tôi nước ép cóc hai phích cắm muốn
Lấy mình một ly cacao nóng đen đá.,mình cà-phê đen một muốn
Em muốn hai ly sữa chua kiwi nha đam và một ly sữa chua dâu.,Tôi sữa chua xoài hai sữa chua dâu một muốn
Anh muốn một ly cacao muốn đen và thêm giấy ăn.,Tôi cà-phê đen một giấy ăn muốn
"Mình gọi hai ly sữa tươi trân châu đường đen trứng nướng, thêm đá.",Tôi trà sữa hai đá muốn
Lấy Tôi một ly nước ép cà rốt,Tôi nước ép thơm một muốn
"Đem Tôi một ly cà phê sữa, một ly nước chanh hoa đậu biếc, và giấy ăn.",Tôi cà-phê sữa một nước ép cóc một giấy ăn muốn
Mình order mượn phích cắm điện để sạc máy.,mình phích cắm muốn
Mình chọn một phần trà cam quế mật ong nóng dâu nha.,mình trà dâu một muốn
Lấy Em thêm một cái ống hút.,Tôi ống hút một muốn
Làm lấy Tôi một ly nước ép ổi,Tôi nước ép cóc một muốn
Mình gọi lấy thêm giấy ăn,Tôi giấy ăn muốn
Anh gọi mượn phích cắm.,Tôi phích cắm muốn
Gọi giúp tôi một nước chanh hoa đậu biếc ít ngọt.,mình nước ép cóc một ngọt ít muốn
Làm lấy mình một phần sữa chua dâu mát lạnh.,mình sữa chua chanh dây một lạnh muốn
Lấy em xin thêm ít giấy ăn nhé.,mình giấy ăn ít muốn
Anh muốn gọi thêm một ly trà đào cam sả đá.,Tôi trà gừng một muốn
Lấy Anh thêm một cái ống hút.,Tôi ống hút một muốn
Lấy Tôi thêm một ly sữa chua đào.,Tôi sữa chua dâu một muốn
Đem Tôi thêm một ly trà thạch vải hoa đậu biếc.,Tôi trà hoa đậu biếc một muốn
"Em gọi hai ly sữa chua dâu, một ly cà phê đen, và một phích cắm.",Tôi sữa chua xoài hai cà-phê đen một phích cắm muốn
Đem Tôi ba ly nước ép cóc và thêm giấy ăn.,Tôi nước ép cam ba giấy ăn muốn
Đem mình một hũ sữa chua chanh dây nha.,mình sữa chua dâu một muốn
Em muốn gọi thêm một ly sữa chua xoài.,Tôi sữa chua chanh dây một muốn
Mình muốn một ly cacao muốn sữa,Tôi cà-phê sữa một muốn
"Anh muốn một ly trà thạch vải hoa đậu biếc, làm nhanh.",Tôi trà hoa đậu biếc một muốn
Anh order lấy thêm giấy ăn,Tôi giấy ăn muốn
"Anh gọi hai ly sữa tươi trân châu đường đen trứng nướng, thêm đá.",Tôi trà sữa hai đá muốn
Anh gọi một ly trà thạch vải,Tôi trà gừng một muốn
"Em muốn một ly cà phê đen Sài Gòn phin đen, ít đường thôi.",Tôi cà-phê đen một đường ít muốn
"Anh lấy một ly trà cam quế mật ong đá hoa đậu biếc, không đường.",Tôi trà hoa đậu biếc một đường không muốn
Mình muốn một ly sữa chua kiwi nha đam và một ly trà dâu.,sữa chua dâu một trà dâu một muốn
Đem Tôi thêm một ly capuchino đen.,Tôi cà-phê đen một muốn
Mình chọn sữa chua cam nha đam thêm topping trân châu.,mình sữa chua xoài một trân châu muốn
Lấy Tôi một ly cacao muốn đen,Tôi cà-phê đen một muốn
Đem Tôi ba ly sữa chua kiwi nha đam và một phích cắm gần cửa.,Tôi sữa chua chanh dây ba phích cắm muốn
Mình gọi hai ly cà phê muối sữa ít đá nhé.,Tôi cà-phê sữa hai đá ít muốn
Đem Tôi thêm một ly cà phê đen Sài Gòn phin sữa.,Tôi cà-phê sữa một muốn
Làm lấy Tôi thêm một ly trà olong dâu vải dâu.,Tôi trà dâu một muốn
Em muốn một ly nước ép cóc và thêm giấy ăn.,Tôi nước ép ổi một giấy ăn muốn
Lấy Tôi một ly trà olong dâu vải hoa đậu biếc,Tôi trà hoa đậu biếc một muốn
"Mình muốn một ly cà phê muối đen, ít đường thôi.",Tôi ly một cà phê đen đường ít muốn
Em muốn một ly nước ép cóc,Tôi nước ép ổi một muốn
Anh muốn một ly nước ép ổi và một ly nước ép ổi.,Tôi nước ép cóc một nước ép ổi một muốn
Lấy Tôi một ly trà lipton cam thảo đá dâu và thêm giấy ăn.,Tôi trà dâu một giấy ăn muốn
"Em muốn một ly nước ép cam, một ly trà gừng, và một ly sữa chua cam nha đam.",Tôi nước ép cam một trà gừng một sữa chua xoài một muốn
Em muốn bốn ly trà đào cam sả đá dâu.,Tôi trà dâu bốn muốn
Lấy Anh mượn phích cắm,Tôi phích cắm muốn
Em muốn hai ly cà phê dừa đen.,Tôi cà-phê đen hai muốn
Mình lấy hai ly sữa chua dâu và một ly trà gừng.,Tôi sữa chua xoài hai trà gừng một muốn
Mình lấy một phần sữa chua việt quất.,mình sữa chua xoài một muốn
Đem Tôi một ly trà thạch sữa đào hoa đậu biếc,Tôi trà hoa đậu biếc một muốn
"Em muốn một ly trà hoa đậu biếc, hai ly nước ép cóc, và một phích cắm.",Tôi trà hoa đậu biếc một nước ép ổi hai phích cắm muốn
"Đem Tôi hai ly socola đá đen và một ly trà xoài, cảm ơn.",Tôi cà-phê đen hai trà xoài một muốn
Em gọi hai ly trà hoa đậu biếc và một ly sữa chua kiwi nha đam.,Tôi trà hoa đậu biếc hai sữa chua chanh dây một muốn
"Mình muốn một ly trà hoa đậu biếc, hai ly nước ép cà rốt, và một phích cắm.",Tôi trà hoa đậu biếc một nước ép ổi hai phích cắm muốn
Mình order thêm giấy ăn và một phích cắm.,Tôi giấy ăn phích cắm muốn
Anh muốn hai ly cà phê đen máy đen và cảm ơn.,Tôi cà-phê đen hai muốn
